timestamp,sensor_id,temperature,humidity,pressure
2025-02-14 10:49:41.646847,2,20.756990663013106,75.64444808423062,997.8705761673885
2025-02-14 10:48:41.646847,4,26.22273671183016,84.10929762981758,1016.2073184796427
2025-02-14 10:47:41.646847,4,24.645981488155307,82.85083811117809,1024.3057217126668
2025-02-14 10:46:41.646847,2,26.210156029627075,73.5229800403675,1031.439874916868
2025-02-14 10:45:41.646847,1,27.231473496811205,35.35072979060669,1035.2542448008962
2025-02-14 10:44:41.646847,5,27.182951320001422,70.29803236698137,953.3811455773764
2025-02-14 10:43:41.646847,2,33.116358123268,42.48668607487252,985.1681221620096
2025-02-14 10:42:41.646847,2,38.64329480577848,84.78521090319262,1022.3820680938275
2025-02-14 10:41:41.646847,1,28.28862781793648,60.25462578802966,1037.89758129174
2025-02-14 10:40:41.646847,3,21.6184197450243,38.966082939438955,1027.5795446828502
2025-02-14 10:39:41.646847,5,28.349723588944308,31.376668106729817,983.4844822232402
2025-02-14 10:38:41.646847,4,24.674001215156256,32.272147165491745,971.8177000997916
2025-02-14 10:37:41.646847,5,20.113290891005512,68.72552816684424,991.2301718821161
2025-02-14 10:36:41.646847,3,30.68305677794567,89.35482916700619,1029.7360431705113
2025-02-14 10:35:41.646847,2,22.032358635717827,72.12900639841138,1002.1027260588559
2025-02-14 10:34:41.646847,5,26.766280162539598,61.54803360809055,953.6501417683879
2025-02-14 10:33:41.646847,3,21.643201954735915,44.90132372901313,1026.1305536199725
2025-02-14 10:32:41.646847,3,36.26796114267336,34.09661904126421,966.4715360136029
2025-02-14 10:31:41.646847,1,37.3554614094829,89.42712107166739,1034.3910167389934
2025-02-14 10:30:41.646847,3,26.02865631080057,72.36522866184366,969.4923587845193
2025-02-14 10:29:41.646847,5,24.58705570928702,55.73466386856697,1022.6155973800421
2025-02-14 10:28:41.646847,4,26.7947799700106,48.5807849773455,1046.8251469102686
2025-02-14 10:27:41.646847,4,30.84860710273552,86.94704473665459,1017.1739828263652
2025-02-14 10:26:41.646847,3,33.78374960919646,47.17929421614258,1000.4202932429654
2025-02-14 10:25:41.646847,5,28.346831739485225,38.650760321794415,1040.9377457573758
2025-02-14 10:24:41.646847,3,35.03027411342214,53.90805018141809,1018.1498124520353
2025-02-14 10:23:41.646847,5,20.449557037147308,56.04942883374967,1027.17974244758
2025-02-14 10:22:41.646847,3,38.869741221525786,58.77480917866899,1042.2786902114442
2025-02-14 10:21:41.646847,3,32.49079642499004,54.360406626169606,1040.962448343893
2025-02-14 10:20:41.646847,3,24.094499969850087,43.186368518487505,996.7914792976969
2025-02-14 10:19:41.646847,4,24.894984645621484,65.6641102343412,986.4824825875968
2025-02-14 10:18:41.646847,3,27.51451409383427,40.3156704802445,993.2882946269128
2025-02-14 10:17:41.646847,1,21.84244079179557,66.717703744052,974.6344154092777
2025-02-14 10:16:41.646847,1,32.139920545779916,62.430813502993395,960.3979344124228
2025-02-14 10:15:41.646847,1,20.130426670127832,70.48930680817685,1012.8591387524514
2025-02-14 10:14:41.646847,1,29.835899261048894,74.60339264513009,976.2730998656363
2025-02-14 10:13:41.646847,3,37.674279079390544,77.48917825291169,1040.0588547829004
2025-02-14 10:12:41.646847,2,24.58644546911375,67.52746602187716,953.7032722240015
2025-02-14 10:11:41.646847,1,34.47127974189195,35.95148424109075,1033.1605962827562
2025-02-14 10:10:41.646847,1,38.31706687136896,42.81266655284493,1004.1281891670365
2025-02-14 10:09:41.646847,4,21.58662985653251,82.70820078459079,950.4681392934759
2025-02-14 10:08:41.646847,5,20.36798461134669,47.888044709085236,964.8107939208803
2025-02-14 10:07:41.646847,4,24.328832188422012,60.462970049655695,980.6695233808995
2025-02-14 10:06:41.646847,2,22.436548075679088,51.59637806159272,1032.2202512887047
2025-02-14 10:05:41.646847,2,38.324217853694385,69.75278366918097,979.6614319485402
2025-02-14 10:04:41.646847,2,21.798459658683733,83.18816417874135,1027.9146423926154
2025-02-14 10:03:41.646847,5,31.587684442302976,71.42332613276724,1028.6893219631304
2025-02-14 10:02:41.646847,3,37.803997275951275,37.77110568790761,970.6263522782432
2025-02-14 10:01:41.646847,1,35.3761547827125,50.91359321599771,950.022492679984
2025-02-14 10:00:41.646847,4,29.49312192934213,36.00470303274739,1008.0513430048695
2025-02-14 09:59:41.646847,1,32.31304394509517,64.83271313385708,989.7600194973273
2025-02-14 09:58:41.646847,1,21.95556140316667,49.86311907779076,959.8199621909356
2025-02-14 09:57:41.646847,4,28.6110075277265,50.770391470903064,984.6334454132523
2025-02-14 09:56:41.646847,2,27.803979223248803,48.377930032966944,1032.1449609853082
2025-02-14 09:55:41.646847,5,27.961563269680582,78.95124018582712,1005.2840037312674
2025-02-14 09:54:41.646847,4,35.03792610857651,42.92285567173641,985.822842470342
2025-02-14 09:53:41.646847,1,35.65462699379165,56.86319533013385,974.1872618962495
2025-02-14 09:52:41.646847,4,20.165086186141792,49.39132877436094,952.8909006689554
2025-02-14 09:51:41.646847,3,31.545820532065818,55.94442213921512,965.0058790303586
2025-02-14 09:50:41.646847,1,20.178417299589178,35.08781857270858,959.53249901099
2025-02-14 09:49:41.646847,2,27.863111115480677,72.5789898404509,983.5611496524223
2025-02-14 09:48:41.646847,2,36.05418391254935,78.35080005656022,969.8724797841835
2025-02-14 09:47:41.646847,1,37.08382960707014,37.024349252612375,1028.4014873476292
2025-02-14 09:46:41.646847,4,33.72362654134034,49.84097227889657,1045.8795678795711
2025-02-14 09:45:41.646847,5,25.523921736416874,84.47449403244856,1047.3428167624463
2025-02-14 09:44:41.646847,4,36.842714583204426,54.12240498536892,1035.132207943505
2025-02-14 09:43:41.646847,5,21.3993582720317,48.774653654315685,1002.8944739712201
2025-02-14 09:42:41.646847,5,37.746575067105304,60.011691800276935,1042.4616546801878
2025-02-14 09:41:41.646847,4,30.26693013660207,71.57590653603435,1014.3785794315536
2025-02-14 09:40:41.646847,2,35.779889806765176,36.61885158809083,1035.4761540729326
2025-02-14 09:39:41.646847,4,35.13493141636838,54.27442301665593,979.4032049507679
2025-02-14 09:38:41.646847,2,32.24222110955604,41.85042038576757,1031.918199816115
2025-02-14 09:37:41.646847,5,32.089374854760216,62.88997845532099,1014.8029440290888
2025-02-14 09:36:41.646847,3,37.7869530592095,69.98266393938036,962.5340021266555
2025-02-14 09:35:41.646847,2,25.239386121105756,61.67795669919077,980.7570426695625
2025-02-14 09:34:41.646847,1,30.55000787946374,76.79856646448117,1003.2080149682654
2025-02-14 09:33:41.646847,4,39.106741733022666,74.19277974029916,970.0679700145477
2025-02-14 09:32:41.646847,3,36.95807749668504,54.002993835223876,967.6450015914849
2025-02-14 09:31:41.646847,5,37.26781864162086,37.93238136101918,1000.7935933904328
2025-02-14 09:30:41.646847,4,26.849769979037887,63.055454134983016,1005.8855967125679
2025-02-14 09:29:41.646847,4,39.20925045313891,61.57035856970768,1048.8374846503762
2025-02-14 09:28:41.646847,2,33.18508610506342,56.12154034891121,1046.4253639884746
2025-02-14 09:27:41.646847,3,31.723547571903303,76.91868825900045,977.4503049537734
2025-02-14 09:26:41.646847,1,31.84910268788446,52.91225896667035,1003.3972941496534
2025-02-14 09:25:41.646847,1,25.351002877401783,51.91049859555934,979.2392711825231
2025-02-14 09:24:41.646847,2,23.345317383619886,47.521641484270944,1012.2488170834905
2025-02-14 09:23:41.646847,4,36.63532414557959,76.76132430798542,999.4961596486013
2025-02-14 09:22:41.646847,4,35.8954853609069,73.3639241248775,983.2555638556089
2025-02-14 09:21:41.646847,5,31.66631373933609,48.62856619408515,1020.6018966264855
2025-02-14 09:20:41.646847,4,28.958119259067132,67.30216924941138,1025.674536331919
2025-02-14 09:19:41.646847,5,32.219794223625144,33.097782274564054,972.8893764709281
2025-02-14 09:18:41.646847,2,21.258795704890186,85.22249290058917,1010.2171307952696
2025-02-14 09:17:41.646847,5,22.71308843370076,64.00547931462904,994.2194885246197
2025-02-14 09:16:41.646847,3,24.65759504203739,33.95338315770353,986.0181421997506
2025-02-14 09:15:41.646847,2,30.801806028132667,67.04504353771036,999.104805290442
2025-02-14 09:14:41.646847,4,35.91873183873409,47.52582718840113,960.1945197946119
2025-02-14 09:13:41.646847,4,35.47957810670991,72.86063862678759,952.4437913225091
2025-02-14 09:12:41.646847,5,29.67569025822108,84.81596759179634,1036.6813772160021
2025-02-14 09:11:41.646847,1,23.61847099290972,52.40372846333797,960.3610969884732
2025-02-14 09:10:41.646847,4,27.017140013582804,73.68982451458268,1045.0317789047995
2025-02-14 09:09:41.646847,2,24.462837342061334,74.69380817872192,998.7695386757596
2025-02-14 09:08:41.646847,5,36.81427194827323,31.980171405109175,1035.3227483943333
2025-02-14 09:07:41.646847,2,24.24747925488912,52.859478742678554,987.3162275038331
2025-02-14 09:06:41.646847,4,33.54829279771657,65.78353825288298,969.6568016695743
2025-02-14 09:05:41.646847,3,39.29938419382975,55.62549497463219,996.6811931958492
2025-02-14 09:04:41.646847,1,24.86801739906399,70.18773095134131,1016.1961452964532
2025-02-14 09:03:41.646847,5,27.611844765113332,67.31558280412267,1047.409783797737
2025-02-14 09:02:41.646847,4,20.543940412078264,42.052932226717026,1008.4397548660406
2025-02-14 09:01:41.646847,3,31.427179664752728,79.97062610771607,955.2877735080172
2025-02-14 09:00:41.646847,5,23.0265058627985,47.995175284569335,986.2133875193852
2025-02-14 08:59:41.646847,2,38.85138542018706,82.7644504824187,1030.3926107202585
2025-02-14 08:58:41.646847,4,35.87690281603423,30.145193362843575,1012.8823290133901
2025-02-14 08:57:41.646847,1,26.863538549465115,40.64032665587209,1030.4626428450001
2025-02-14 08:56:41.646847,5,39.92069177522628,43.89723634416319,1002.487954152549
2025-02-14 08:55:41.646847,3,31.2922859679112,50.04096641329565,985.8713280121543
2025-02-14 08:54:41.646847,2,21.454596142658847,41.180789294364146,1001.5011315335557
2025-02-14 08:53:41.646847,2,25.72817793451869,72.2057997064912,963.4012091635262
2025-02-14 08:52:41.646847,4,22.926019313911016,81.22678029947414,967.8981740875475
2025-02-14 08:51:41.646847,3,36.756229691901076,67.81369608273155,1030.0646055622683
2025-02-14 08:50:41.646847,3,22.127548780504654,31.978268900410495,1004.8587722210676
2025-02-14 08:49:41.646847,1,29.60812429936577,31.47122051800405,969.2896950708239
2025-02-14 08:48:41.646847,5,29.771537840906532,78.61392638072562,1023.8992063594565
2025-02-14 08:47:41.646847,5,38.83907371020904,77.82238515363441,1048.1350329849995
2025-02-14 08:46:41.646847,3,26.399417710186974,86.59265958619639,1034.6498968441538
2025-02-14 08:45:41.646847,3,39.85061295238766,87.31660585591968,1020.9225952874789
2025-02-14 08:44:41.646847,3,38.22747857905546,56.25805608007357,973.266531095839
2025-02-14 08:43:41.646847,2,23.39079467886763,71.43921006294042,1000.4556231089018
2025-02-14 08:42:41.646847,3,35.829285456288204,81.69246152549167,1007.9163844888728
2025-02-14 08:41:41.646847,1,21.238094431881386,46.280787941611365,1034.0922183592484
2025-02-14 08:40:41.646847,3,27.449451352331806,69.93128437491454,954.5067609169349
2025-02-14 08:39:41.646847,4,35.38648056486206,77.81870981738854,1048.831666562607
2025-02-14 08:38:41.646847,4,22.197469206695512,72.98464826295194,970.6184068934919
2025-02-14 08:37:41.646847,5,36.62534034323055,61.896052226228136,1000.5241706498945
2025-02-14 08:36:41.646847,4,36.8789603946594,33.811494360967124,957.8647548771472
2025-02-14 08:35:41.646847,1,25.530656221193787,34.20643476539996,1024.764234133035
2025-02-14 08:34:41.646847,4,24.53277175475712,36.87499202856824,1038.5031707192338
2025-02-14 08:33:41.646847,2,25.561145440665257,44.77358257702389,1041.0894510161143
2025-02-14 08:32:41.646847,1,29.26610208550973,75.1785237242467,1009.274480500697
2025-02-14 08:31:41.646847,5,21.14456373137765,84.71648554285142,1018.5042927523476
2025-02-14 08:30:41.646847,3,20.67463649088664,81.42707669411601,1043.1452515786034
2025-02-14 08:29:41.646847,4,21.951984163044077,48.51223561868081,1003.3813958492575
2025-02-14 08:28:41.646847,3,39.66481228675913,59.2018055576969,1046.084957566788
2025-02-14 08:27:41.646847,3,33.3571112141242,70.00475205414571,1038.9061200284693
2025-02-14 08:26:41.646847,2,24.465808562650544,87.69818120667297,962.6490215819456
2025-02-14 08:25:41.646847,1,26.85597927319784,80.84334684226766,953.1190214751408
2025-02-14 08:24:41.646847,4,33.71486463904714,57.929267610867626,967.1174966546838
2025-02-14 08:23:41.646847,4,33.590336634642654,61.91491063876199,1006.6485090181428
2025-02-14 08:22:41.646847,3,34.31548302730603,40.336634040814765,950.9295799601742
2025-02-14 08:21:41.646847,1,32.91194720307631,32.32975678990378,1009.3343331088998
2025-02-14 08:20:41.646847,4,31.604523374982282,87.30276325011107,1019.0404244895865
2025-02-14 08:19:41.646847,5,39.72009663126404,72.06659036280101,1043.0112018299637
2025-02-14 08:18:41.646847,5,36.43256223903668,54.14880895295181,1003.2994784373655
2025-02-14 08:17:41.646847,4,26.82762848758731,51.88095359886366,1038.2608727429833
2025-02-14 08:16:41.646847,5,23.84328605652967,52.554753014831945,1024.4624739255403
2025-02-14 08:15:41.646847,5,37.25386023344052,44.08826129217796,1027.5272971110735
2025-02-14 08:14:41.646847,2,21.356127242299067,45.52441613735013,1027.1912426238318
2025-02-14 08:13:41.646847,2,37.98340567052525,63.499130669982264,981.0343693403823
2025-02-14 08:12:41.646847,5,38.07274783007595,39.37679272932829,958.0916138536504
2025-02-14 08:11:41.646847,3,20.570928343282205,75.0710624853246,960.9307491720979
2025-02-14 08:10:41.646847,5,35.314782986667,53.47526884614688,1020.4772190493012
2025-02-14 08:09:41.646847,2,20.581983668650306,66.45347008067033,1008.7356665236904
2025-02-14 08:08:41.646847,1,24.27551199483816,69.20791012396373,997.667260142445
2025-02-14 08:07:41.646847,4,36.09026849336482,33.06558195419866,966.3959908658904
2025-02-14 08:06:41.646847,5,24.010013086616013,36.40544553923021,957.5507475089481
2025-02-14 08:05:41.646847,5,34.925815452939716,59.798819575156955,969.5324564358599
2025-02-14 08:04:41.646847,3,31.397693841524898,54.262302502707236,1036.8941915613361
2025-02-14 08:03:41.646847,5,39.887715612459125,48.46748694502058,970.4736212793093
2025-02-14 08:02:41.646847,5,36.365498756690414,77.96596557163167,1037.3471265790254
2025-02-14 08:01:41.646847,3,22.182345928657664,53.13685614561977,974.3076640378798
2025-02-14 08:00:41.646847,4,26.2997253115477,85.27806971146664,1031.3368671636663
2025-02-14 07:59:41.646847,4,36.75056815818324,37.354234521242844,1018.9687658027307
2025-02-14 07:58:41.646847,5,38.5622057344698,41.579351296803026,951.4074164397822
2025-02-14 07:57:41.646847,5,26.71641471938321,31.91140400406493,975.1141341400131
2025-02-14 07:56:41.646847,1,27.77454867150082,76.65741076835707,1018.4191673690455
2025-02-14 07:55:41.646847,5,25.097253292040826,46.823878831821844,1002.4183190097242
2025-02-14 07:54:41.646847,2,20.450232520533692,43.296473722428594,968.4592120797511
2025-02-14 07:53:41.646847,4,32.44644815211297,49.175596473076844,975.7454763898263
2025-02-14 07:52:41.646847,4,28.005764418608663,78.92275040259509,1009.2768806880285
2025-02-14 07:51:41.646847,1,20.652270341162726,82.92396278341174,1026.5269374023428
2025-02-14 07:50:41.646847,5,31.017368885930892,63.79054429172309,989.7694111043966
2025-02-14 07:49:41.646847,2,39.28625269451362,62.282636626880716,1034.5965840960714
2025-02-14 07:48:41.646847,5,21.111568197630227,30.58372313844183,1029.038893097611
2025-02-14 07:47:41.646847,5,30.8866325869633,65.43287202657606,997.3048148554935
2025-02-14 07:46:41.646847,2,38.66207952405949,65.8168606317061,1039.7878793978364
2025-02-14 07:45:41.646847,3,28.418442655092356,87.21537712454574,1049.235022968243
2025-02-14 07:44:41.646847,5,22.383739043805853,51.955900198347436,971.250481951468
2025-02-14 07:43:41.646847,2,29.89591475232553,81.40758573844096,989.6742083967144
2025-02-14 07:42:41.646847,5,23.4524220534286,45.56915919256022,1023.9166094911494
2025-02-14 07:41:41.646847,2,25.007529943043725,42.2532175139385,973.0205299253192
2025-02-14 07:40:41.646847,2,20.31626666307073,38.00773032646356,961.7567396110285
2025-02-14 07:39:41.646847,1,36.3009451016534,73.605960738149,1013.266173458954
2025-02-14 07:38:41.646847,4,32.87198956182397,89.39877306579776,1035.2321436319091
2025-02-14 07:37:41.646847,1,32.367861705664595,39.432110750179426,979.2535926959234
2025-02-14 07:36:41.646847,5,36.815520831877855,51.29324793742424,993.1940121384112
2025-02-14 07:35:41.646847,4,22.75757958762917,41.28711521862923,981.6316689090713
2025-02-14 07:34:41.646847,4,34.70365936212178,78.93841481783363,990.6693979155882
2025-02-14 07:33:41.646847,5,20.42494650074085,62.752064649018116,1020.479129632162
2025-02-14 07:32:41.646847,3,32.638223121762074,33.05784124611912,995.0304396177127
2025-02-14 07:31:41.646847,2,24.213822945194593,44.52776874551617,1026.6761594208153
2025-02-14 07:30:41.646847,2,37.594781648633884,81.67872112853475,984.8585436573871
2025-02-14 07:29:41.646847,4,36.857261015734025,37.31272322252343,1008.1103452233951
2025-02-14 07:28:41.646847,3,37.24304714368405,52.45352915908401,978.6777271764462
2025-02-14 07:27:41.646847,5,22.022488549122986,58.7282319616305,983.990223187388
2025-02-14 07:26:41.646847,3,31.067362162338128,47.196809277610924,1021.5220775383879
2025-02-14 07:25:41.646847,2,32.238525028389034,36.264834447678055,961.3870950437566
2025-02-14 07:24:41.646847,3,31.985605355988987,85.3390152391259,1047.2160370891054
2025-02-14 07:23:41.646847,5,30.61325712596316,50.71008751266405,1023.3770366668755
2025-02-14 07:22:41.646847,5,33.50037513486821,60.37950424908817,959.1806576538322
2025-02-14 07:21:41.646847,1,31.116149128561457,70.63236527709329,967.3553605791351
2025-02-14 07:20:41.646847,1,30.25307274134534,69.15565657966843,1031.2010360614352
2025-02-14 07:19:41.646847,3,31.926373948671248,51.974574752221216,952.4629612330791
2025-02-14 07:18:41.646847,2,32.801998771024685,61.15430129101158,995.5014868081794
2025-02-14 07:17:41.646847,4,37.022391871522174,42.17016648054614,1028.2585949705253
2025-02-14 07:16:41.646847,5,29.79329802099935,49.44411677372571,984.2039904833803
2025-02-14 07:15:41.646847,4,31.313069214241573,84.28624124577689,958.7820209510693
2025-02-14 07:14:41.646847,2,28.430221889391028,77.72860696940361,1016.0508682037154
2025-02-14 07:13:41.646847,2,23.93104568749166,60.84249558081484,1021.4483839170143
2025-02-14 07:12:41.646847,2,24.09527649346049,52.422632732107004,989.369614473362
2025-02-14 07:11:41.646847,2,25.79103559745926,36.57555354794059,1003.9300057334323
2025-02-14 07:10:41.646847,3,31.89585411230321,68.75168452718864,989.108167912815
2025-02-14 07:09:41.646847,1,32.64897355094878,54.448583648738136,1044.909623776439
2025-02-14 07:08:41.646847,5,26.345676055153465,83.5113268951003,979.7890868148926
2025-02-14 07:07:41.646847,3,24.022451510011994,82.06841601179238,1020.7833409262792
2025-02-14 07:06:41.646847,4,24.130098755541642,40.812373912544174,963.8703405620947
2025-02-14 07:05:41.646847,4,24.682517128173767,67.69324797691041,977.6643299144293
2025-02-14 07:04:41.646847,5,35.04427498152705,40.10845847183067,962.395141905246
2025-02-14 07:03:41.646847,2,36.69293922890759,40.70329599851375,1005.6407568195626
2025-02-14 07:02:41.646847,2,28.986132735297854,77.63031625756014,978.8486831157871
2025-02-14 07:01:41.646847,1,38.134242376550105,80.1634178672399,1041.6153743573052
2025-02-14 07:00:41.646847,5,35.0662058330242,38.753861983147395,973.347586366928
2025-02-14 06:59:41.646847,5,24.007145106121556,47.395085732666004,962.032785211235
2025-02-14 06:58:41.646847,5,29.92508911188927,48.24985813685771,950.8875066561067
2025-02-14 06:57:41.646847,4,20.514521043488415,37.20902655300164,1025.7228589153633
2025-02-14 06:56:41.646847,4,38.61483052231195,42.55075347399303,965.4829067438288
2025-02-14 06:55:41.646847,2,37.15706746183912,74.36958698363617,979.9012579260317
2025-02-14 06:54:41.646847,2,34.980521114482904,44.23355562990599,976.2454876767302
2025-02-14 06:53:41.646847,3,25.52872391012442,48.55956738979384,951.7202452101794
2025-02-14 06:52:41.646847,2,22.846163106343898,64.72848637173915,957.2070097539646
2025-02-14 06:51:41.646847,2,30.044247432591604,59.90912920198066,1004.9779306195076
2025-02-14 06:50:41.646847,5,32.43179276920651,85.16115477342419,1036.3676587600646
2025-02-14 06:49:41.646847,3,33.36389887170394,43.46165518997226,1035.5616867533688
2025-02-14 06:48:41.646847,1,33.865019929019425,89.95139436417837,1023.0447288215532
2025-02-14 06:47:41.646847,4,36.55106391787037,74.9010117001744,975.3817918047542
2025-02-14 06:46:41.646847,2,38.145107973192864,77.71193153845005,1002.3943922099563
2025-02-14 06:45:41.646847,5,27.51721255809203,31.597773249879424,980.5981127617475
2025-02-14 06:44:41.646847,3,38.909732456645756,83.30292696310194,974.0281397752042
2025-02-14 06:43:41.646847,4,30.10363512056229,49.00915773987893,975.9377704271388
2025-02-14 06:42:41.646847,1,35.929615630220965,56.2580797863141,955.0798361371892
2025-02-14 06:41:41.646847,1,23.144460191052694,49.26564117374012,1015.0088483717177
2025-02-14 06:40:41.646847,4,38.93166416173321,69.74718288311024,1030.4167078406658
2025-02-14 06:39:41.646847,4,20.62965812613992,63.45874176498226,1014.433507088602
2025-02-14 06:38:41.646847,4,35.1441984056155,87.19971535355089,1030.5201341022184
2025-02-14 06:37:41.646847,3,32.414372380649525,55.036138966296264,953.000477937327
2025-02-14 06:36:41.646847,2,26.01473595609341,36.714833375458475,1023.2621360489278
2025-02-14 06:35:41.646847,3,20.49423055689212,76.81956419758069,1008.9816272218077
2025-02-14 06:34:41.646847,3,39.32645904898836,30.552162129517637,1014.4329657114918
2025-02-14 06:33:41.646847,1,36.21948213487854,56.527131716958664,1009.6399841066724
2025-02-14 06:32:41.646847,4,24.160179892571684,66.77304206336903,1040.259954303378
2025-02-14 06:31:41.646847,4,26.85167009244734,79.375639854186,959.762296752847
2025-02-14 06:30:41.646847,2,36.82173231317151,72.39624013720977,968.6961025051256
2025-02-14 06:29:41.646847,5,36.444996306196565,74.05419202322761,961.2852613747167
2025-02-14 06:28:41.646847,3,36.27849628425226,32.09546994978191,991.4067293232155
2025-02-14 06:27:41.646847,2,29.069761674058,42.088183294173724,982.8688638163186
2025-02-14 06:26:41.646847,5,32.70795778602089,64.02544938849783,987.3242753407155
2025-02-14 06:25:41.646847,3,20.729767862797267,53.52761847939931,1040.1342380301376
2025-02-14 06:24:41.646847,1,24.66956823554535,33.635999690174636,950.3729421904973
2025-02-14 06:23:41.646847,2,38.58467872395179,31.333099752897635,1033.8727968705894
2025-02-14 06:22:41.646847,4,37.575017391187735,52.03923475824539,965.118167928797
2025-02-14 06:21:41.646847,4,37.16634384326824,30.033780842512265,971.044293709101
2025-02-14 06:20:41.646847,5,30.800086043249866,52.44348270536918,1023.5792500484904
2025-02-14 06:19:41.646847,3,33.83880447407543,86.61056001213944,953.5786788671181
2025-02-14 06:18:41.646847,5,35.71348202258333,41.87771914096481,1036.9509922097516
2025-02-14 06:17:41.646847,4,21.62080719912499,85.70398863356701,977.5791195721624
2025-02-14 06:16:41.646847,2,23.883795117582576,32.019993422820384,991.5031657241952
2025-02-14 06:15:41.646847,1,36.08942184594769,52.562068178593066,972.0344808402834
2025-02-14 06:14:41.646847,3,23.195357682068554,78.62824474244408,979.7169608607688
2025-02-14 06:13:41.646847,5,20.02353631306938,31.350942989350564,1034.374568864878
2025-02-14 06:12:41.646847,3,29.165144188415727,30.427519337689485,1004.4220485953576
2025-02-14 06:11:41.646847,2,33.42626480295479,84.48070861797254,1027.4469395543567
2025-02-14 06:10:41.646847,5,35.719964766603,46.79461134344909,975.8811099933775
2025-02-14 06:09:41.646847,1,34.457256294291874,71.10489381445831,1041.225381082023
2025-02-14 06:08:41.646847,1,37.81402004624141,36.86248518947865,989.9349727924626
2025-02-14 06:07:41.646847,5,37.42253360331617,61.94465057902043,1048.0141052027493
2025-02-14 06:06:41.646847,4,31.149155087610016,45.71503766920067,959.3643969166587
2025-02-14 06:05:41.646847,1,29.102842457466483,69.78821462587088,1015.4294755930698
2025-02-14 06:04:41.646847,4,38.782603744945284,73.9623731858961,997.5197469417918
2025-02-14 06:03:41.646847,4,39.26968380696439,66.75016862523279,1008.6678428450034
2025-02-14 06:02:41.646847,2,26.255316907220234,77.6982117091732,1025.4207582693487
2025-02-14 06:01:41.646847,2,22.69867578642431,41.868120781833184,1035.6443921066932
2025-02-14 06:00:41.646847,1,28.50999842904929,46.589011166659105,992.3131586027253
2025-02-14 05:59:41.646847,5,32.85766690319189,67.35165249940674,962.8933508651054
2025-02-14 05:58:41.646847,5,36.23344160824209,84.34967037078985,1038.540040329264
2025-02-14 05:57:41.646847,5,31.01570352045267,56.24681811193516,998.7195570184359
2025-02-14 05:56:41.646847,2,26.682341589911694,88.83992148035708,987.2719409454186
2025-02-14 05:55:41.646847,5,34.79919572760708,86.38947080890341,1011.5193210181103
2025-02-14 05:54:41.646847,4,25.76517892556543,73.95509822704571,1010.6458911882733
2025-02-14 05:53:41.646847,2,32.36378240115998,65.16922277144177,990.306112168156
2025-02-14 05:52:41.646847,5,26.191149824890353,87.1884139733911,973.3612674405357
2025-02-14 05:51:41.646847,3,38.88058703950216,59.69946595123801,961.0875461060904
2025-02-14 05:50:41.646847,4,32.88122112401376,39.432885678600734,952.5856247421984
2025-02-14 05:49:41.646847,1,20.17345470597134,62.82261332120954,1038.333362253226
2025-02-14 05:48:41.646847,2,31.32012005686467,54.65526470129872,1048.3743401591364
2025-02-14 05:47:41.646847,5,39.882588599084805,33.971989334669956,958.9278538001671
2025-02-14 05:46:41.646847,1,31.780023234361938,67.27267632357992,1026.081144887458
2025-02-14 05:45:41.646847,3,22.791712375901387,87.78450970522007,997.7310688217494
2025-02-14 05:44:41.646847,1,30.435393111306627,74.22434578361333,1037.3475332685605
2025-02-14 05:43:41.646847,3,30.583128822651872,55.7258062231176,1021.5473732110889
2025-02-14 05:42:41.646847,2,23.41287271215039,44.001477130323565,1027.3550388428957
2025-02-14 05:41:41.646847,5,21.27162907369165,56.9903300302109,997.5036125314676
2025-02-14 05:40:41.646847,4,36.312979425389116,60.55564828746799,1031.813432377918
2025-02-14 05:39:41.646847,2,29.250044246013204,84.07864032850087,990.5001051476664
2025-02-14 05:38:41.646847,1,39.54026457181252,73.87750125010436,966.9395745062736
2025-02-14 05:37:41.646847,4,27.19915349872003,53.878645190436764,976.7461791206188
2025-02-14 05:36:41.646847,5,32.56641770685155,60.82415402978778,1023.7218122727147
2025-02-14 05:35:41.646847,2,30.594069065066186,30.206058298057567,982.412340983519
2025-02-14 05:34:41.646847,3,23.575423641919855,45.194248919670684,1007.3617494873466
2025-02-14 05:33:41.646847,5,25.132476894919407,74.57392405046313,1036.214294207973
2025-02-14 05:32:41.646847,2,37.6572845564201,79.67740130533923,969.8634816736577
2025-02-14 05:31:41.646847,2,20.403873756166078,35.71098017385782,984.8688439657747
2025-02-14 05:30:41.646847,1,37.21285973577836,34.15318986811467,1048.30361673734
2025-02-14 05:29:41.646847,3,20.245366851540368,65.21505644115918,1044.2505333854024
2025-02-14 05:28:41.646847,5,25.6878821817802,84.38019517605471,999.5032863371965
2025-02-14 05:27:41.646847,1,35.71310062502468,85.25274561945483,979.25677581274
2025-02-14 05:26:41.646847,1,38.385714724760376,69.22636314980463,993.6753536677826
2025-02-14 05:25:41.646847,5,27.774818214941003,66.67818359653592,1042.2661769656474
2025-02-14 05:24:41.646847,1,36.15284740401528,70.67312543141375,961.3969351042442
2025-02-14 05:23:41.646847,3,32.913628362599745,62.787931438763806,1032.2252003299375
2025-02-14 05:22:41.646847,1,20.717192833511618,57.498408465671375,1048.3817519294535
2025-02-14 05:21:41.646847,5,24.025660863664285,75.56057221273755,1029.7297883031883
2025-02-14 05:20:41.646847,5,22.09984876200726,35.55455406267559,1010.0594097258978
2025-02-14 05:19:41.646847,4,36.01226160525793,32.39563816222388,1012.3244827747098
2025-02-14 05:18:41.646847,4,23.9933674849021,64.58150261329757,956.8371172284675
2025-02-14 05:17:41.646847,2,29.41335569539285,72.08138885562337,965.1561799016118
2025-02-14 05:16:41.646847,5,32.708794209952046,32.451702231654664,961.5215539252338
2025-02-14 05:15:41.646847,4,38.75540287186469,77.62080769846952,1048.2750699846356
2025-02-14 05:14:41.646847,3,37.60446970885369,69.62325927571655,989.7137528297422
2025-02-14 05:13:41.646847,2,22.78234239761955,33.60029624457955,1024.5174850902165
2025-02-14 05:12:41.646847,5,35.99558517302311,43.654865335755964,1010.9632810373437
2025-02-14 05:11:41.646847,1,24.882132658552045,67.37665324606928,1010.4386023718765
2025-02-14 05:10:41.646847,1,26.00084349752138,61.38305912122541,995.9410154132337
2025-02-14 05:09:41.646847,1,32.00006440179477,30.73064635169577,997.2473431303683
2025-02-14 05:08:41.646847,2,39.15860268470419,79.60784962607785,1005.9663799833379
2025-02-14 05:07:41.646847,3,39.347279093155144,85.47956222315923,986.5379660373834
2025-02-14 05:06:41.646847,1,21.198624668127508,51.91241815972056,990.1034779809621
2025-02-14 05:05:41.646847,3,25.976528840123812,59.32730759704829,951.2748025388781
2025-02-14 05:04:41.646847,2,36.276970145115286,71.64459097568322,1010.8953125342451
2025-02-14 05:03:41.646847,5,39.07844326714511,86.83320612640168,971.7430824786206
2025-02-14 05:02:41.646847,3,36.13730077579602,66.5438631210719,951.1959472240713
2025-02-14 05:01:41.646847,2,31.719791112570896,44.960117518523646,989.8517504228851
2025-02-14 05:00:41.646847,3,22.690279233080698,64.22393344853141,1022.8699624571174
2025-02-14 04:59:41.646847,2,38.87408329057338,35.519738693433666,990.5745804616822
2025-02-14 04:58:41.646847,1,39.10350627487015,56.30680345826752,974.5198065521007
2025-02-14 04:57:41.646847,2,35.4771353440822,55.33687747565476,992.7997709757578
2025-02-14 04:56:41.646847,4,28.515946919429485,47.71694558458104,1019.5231677703188
2025-02-14 04:55:41.646847,3,38.28072720609666,78.876535812595,974.6963944827692
2025-02-14 04:54:41.646847,3,28.348095630521748,75.70694687638942,1011.8146569336852
2025-02-14 04:53:41.646847,2,32.859787231360094,68.4822253469367,960.894802254936
2025-02-14 04:52:41.646847,2,38.05551657928757,84.17917389050363,1014.6131196093355
2025-02-14 04:51:41.646847,1,38.36662450518996,50.41780904623939,1018.0007418151122
2025-02-14 04:50:41.646847,1,38.097813772986136,77.29613024483618,989.7900570313186
2025-02-14 04:49:41.646847,5,34.08047467734801,86.09253291300539,990.7603713019781
2025-02-14 04:48:41.646847,4,25.952741482482633,43.939513518067756,1038.9058879256943
2025-02-14 04:47:41.646847,4,38.92517707168976,38.613424814675454,1023.7275438607659
2025-02-14 04:46:41.646847,1,25.659257638324682,51.15231403385752,1014.8883785034085
2025-02-14 04:45:41.646847,3,39.991393805545385,82.97418771927656,951.038255626118
2025-02-14 04:44:41.646847,4,33.8083952503832,46.25121745832665,984.9815414029935
2025-02-14 04:43:41.646847,3,38.73182698308293,39.469655722401555,1026.2541788338558
2025-02-14 04:42:41.646847,1,30.5202525332424,61.186371906031766,1041.5398134086302
2025-02-14 04:41:41.646847,3,22.68885291253297,65.16785081362207,998.4145087291159
2025-02-14 04:40:41.646847,1,27.221888984816527,59.885124122572904,985.0732106104712
2025-02-14 04:39:41.646847,1,39.12010089754687,63.12463278002911,1011.8893134992271
2025-02-14 04:38:41.646847,5,27.723709924574422,50.97867077840641,1032.0512828710796
2025-02-14 04:37:41.646847,5,25.11103899836276,87.05554601369286,954.2499665944405
2025-02-14 04:36:41.646847,3,29.953811788108766,53.0272668050042,976.3509203726283
2025-02-14 04:35:41.646847,1,24.2696141425926,52.12997755206345,1040.2402466768774
2025-02-14 04:34:41.646847,3,22.664997637476517,47.788157288520864,970.768010239119
2025-02-14 04:33:41.646847,2,24.193572653040334,47.154878151911944,998.8400938824287
2025-02-14 04:32:41.646847,1,38.95004009833906,85.65870450352921,994.0305042024794
2025-02-14 04:31:41.646847,3,26.87473785454126,46.97991147286345,1034.7819724276706
2025-02-14 04:30:41.646847,2,21.49345434801842,64.68229263208167,1022.0479273094302
2025-02-14 04:29:41.646847,2,37.419664045180724,53.721106685725054,989.1289467628917
2025-02-14 04:28:41.646847,4,29.462437534967613,52.311599810472586,959.7215482543
2025-02-14 04:27:41.646847,5,24.79721362593807,34.21094966502923,1015.3404998459641
2025-02-14 04:26:41.646847,1,28.256176872605558,75.63540131474669,998.6004546390392
2025-02-14 04:25:41.646847,5,36.568311183449026,65.00777785260289,956.7146397774299
2025-02-14 04:24:41.646847,3,35.38679483853841,52.84909728189899,1027.3020056099906
2025-02-14 04:23:41.646847,3,36.314180990307406,87.63348258809701,1029.5305062480322
2025-02-14 04:22:41.646847,3,22.866317527745682,85.61360405014292,1009.7273019818917
2025-02-14 04:21:41.646847,2,37.70366679803934,36.50042088351154,1038.0643869602652
2025-02-14 04:20:41.646847,2,25.59494857167651,85.07517380584028,992.4230771801214
2025-02-14 04:19:41.646847,5,36.72270245796442,51.30398017081541,1047.1026032075854
2025-02-14 04:18:41.646847,5,30.05685174200012,87.6491507433819,1007.2219959477957
2025-02-14 04:17:41.646847,3,23.062455148760765,34.59558419275638,962.7568905830111
2025-02-14 04:16:41.646847,2,31.635757430094667,89.99194758341422,1037.5339121391805
2025-02-14 04:15:41.646847,1,33.219689192522594,73.31698676445657,990.2494731330049
2025-02-14 04:14:41.646847,3,33.72031542246469,41.974713671189434,1046.4405057107883
2025-02-14 04:13:41.646847,1,31.54997702103423,68.0840567285187,1029.2685479455395
2025-02-14 04:12:41.646847,5,37.539733013110215,47.964904713996916,986.6061072435058
2025-02-14 04:11:41.646847,4,26.883557520267196,89.16091940839289,998.4209366653951
2025-02-14 04:10:41.646847,3,21.714936222596936,55.98506309920944,957.4844498301669
2025-02-14 04:09:41.646847,4,34.67242110433318,37.239149363925854,997.9668253429575
2025-02-14 04:08:41.646847,5,24.534227296013718,67.24060682583195,1042.0485708647939
2025-02-14 04:07:41.646847,2,31.695243307813335,72.71608397410515,955.5261750780636
2025-02-14 04:06:41.646847,3,30.130840594241388,84.13143711137393,1010.8490329213207
2025-02-14 04:05:41.646847,5,29.63573035686565,88.63554845010535,1041.6554581635044
2025-02-14 04:04:41.646847,2,24.894240816771816,82.8054773430128,1002.6802360136413
2025-02-14 04:03:41.646847,3,37.27449961731985,57.66084778058877,997.9819757307359
2025-02-14 04:02:41.646847,3,26.51633379375549,34.95974647949104,951.8527325133825
2025-02-14 04:01:41.646847,4,21.89455509172442,80.98550778724717,954.6455850967275
2025-02-14 04:00:41.646847,4,38.202574216425475,88.43848216209692,964.3417781384795
2025-02-14 03:59:41.646847,1,38.73748959834905,66.8318301327418,1028.0355148814251
2025-02-14 03:58:41.646847,4,24.51522937294998,34.66501181792674,1011.1262898473001
2025-02-14 03:57:41.646847,5,21.39457742899893,83.49780169270639,951.4872086420451
2025-02-14 03:56:41.646847,4,21.406457056639866,70.80673503269989,1041.4370942610913
2025-02-14 03:55:41.646847,5,26.482624933663438,34.28749074244281,1009.6893449985889
2025-02-14 03:54:41.646847,3,36.90186819233105,57.03488955932012,973.8606876494363
2025-02-14 03:53:41.646847,3,22.29809723287054,83.64732619449674,969.7792940590565
2025-02-14 03:52:41.646847,3,20.293146311027545,62.41384129059521,1034.9829566024428
2025-02-14 03:51:41.646847,2,21.641181291954172,36.32578257881417,993.036910934424
2025-02-14 03:50:41.646847,4,37.92425686859586,81.99675514389946,1019.7279441366603
2025-02-14 03:49:41.646847,1,25.429065008104484,48.90834895377988,1014.8162755269901
2025-02-14 03:48:41.646847,2,34.73929420111921,44.7114162734803,972.10555770689
2025-02-14 03:47:41.646847,1,31.51317584209965,69.22686836051585,962.1984415620111
2025-02-14 03:46:41.646847,2,21.61200616707579,46.29477936341479,1018.6583386877578
2025-02-14 03:45:41.646847,5,35.95058232785862,42.838962036351525,1032.3924372624335
2025-02-14 03:44:41.646847,4,20.57063779271974,38.65674406856194,1023.9622954745504
2025-02-14 03:43:41.646847,2,38.37661096131794,56.49784188201993,1000.7354127767082
2025-02-14 03:42:41.646847,4,38.65796293773475,32.191965941363236,1026.5685768999567
2025-02-14 03:41:41.646847,3,25.238226057816547,82.095714389778,1036.2407226851408
2025-02-14 03:40:41.646847,1,32.07105451456122,44.249566065612484,1006.3516756947722
2025-02-14 03:39:41.646847,4,27.13808400935295,84.25104469854053,1015.6576935894898
2025-02-14 03:38:41.646847,3,32.83508527609348,72.98474415302164,970.1711959611779
2025-02-14 03:37:41.646847,2,29.894157264250325,41.896297995782376,1031.578004407629
2025-02-14 03:36:41.646847,1,29.137329224222107,33.69367436531683,1046.619758584937
2025-02-14 03:35:41.646847,5,29.087324156267286,69.3433695918846,1022.5850578892093
2025-02-14 03:34:41.646847,2,22.905958699183333,88.17854050366932,1010.1054966420933
2025-02-14 03:33:41.646847,3,23.283597374306343,73.13666039555194,959.2196954829092
2025-02-14 03:32:41.646847,3,20.93282037198874,58.19674571966224,990.6209502826086
2025-02-14 03:31:41.646847,5,28.14878869115215,76.16679722091553,957.8538064319293
2025-02-14 03:30:41.646847,1,33.50094554004788,69.2893278988106,966.2328188864009
2025-02-14 03:29:41.646847,2,31.262633659274293,70.73719666424611,1043.0802928407602
2025-02-14 03:28:41.646847,5,32.14471282156751,45.70029116505995,965.8838279505062
2025-02-14 03:27:41.646847,4,39.67929469590648,74.45269178799585,965.4586905599556
2025-02-14 03:26:41.646847,4,25.50406616932673,84.5435265674096,986.3499962465598
2025-02-14 03:25:41.646847,4,34.443274542981975,83.73901980417136,965.6137709089018
2025-02-14 03:24:41.646847,3,21.41007881184972,71.21570457507515,984.8489267026533
2025-02-14 03:23:41.646847,3,32.38917986256486,40.03898042012986,997.1981611651996
2025-02-14 03:22:41.646847,2,32.214631567322684,83.63548601942435,1039.5500267591624
2025-02-14 03:21:41.646847,5,28.62565161796075,36.765452885584025,974.8935199063026
2025-02-14 03:20:41.646847,4,23.84993361682612,32.00653318673842,1042.777807226645
2025-02-14 03:19:41.646847,5,21.614086478107197,55.07258380570079,981.1682016114609
2025-02-14 03:18:41.646847,1,26.128012549407146,38.384103041235576,969.4622044006245
2025-02-14 03:17:41.646847,5,29.325441294971224,78.21588679324887,1031.2114528805826
2025-02-14 03:16:41.646847,2,39.74897539230984,46.66335066521513,994.3658902318768
2025-02-14 03:15:41.646847,4,31.573477861897352,46.31537045340563,964.7384911488474
2025-02-14 03:14:41.646847,3,35.10886986434661,32.75760904718065,974.3181353977461
2025-02-14 03:13:41.646847,1,26.53004207475135,55.32470582709829,955.5701851363385
2025-02-14 03:12:41.646847,3,39.41779463296117,78.11523280096674,950.4232090548603
2025-02-14 03:11:41.646847,2,30.43852047279681,31.530193820290982,993.4323993731215
2025-02-14 03:10:41.646847,1,36.66189535708626,77.2946044459946,990.5327709993775
2025-02-14 03:09:41.646847,2,24.076772016136587,48.22442964071702,1020.2211319696589
2025-02-14 03:08:41.646847,5,29.742160029162555,54.492857321715476,1037.8225618792692
2025-02-14 03:07:41.646847,2,34.9082144707069,60.29189137509341,1004.448104202436
2025-02-14 03:06:41.646847,5,24.268060266208018,59.420117993820654,1029.5811026379038
2025-02-14 03:05:41.646847,4,34.22876278432916,82.18056485870966,1048.0649176389438
2025-02-14 03:04:41.646847,4,23.997688900180073,81.56349138533237,971.922308537185
2025-02-14 03:03:41.646847,4,25.83162722592916,45.72421910887313,1046.2365668259774
2025-02-14 03:02:41.646847,3,24.558900945166755,77.10379202656634,959.378543608974
2025-02-14 03:01:41.646847,1,34.80099757800279,77.21885600344638,963.6943629932782
2025-02-14 03:00:41.646847,1,20.62678348824044,45.3060375734739,957.7982439143332
2025-02-14 02:59:41.646847,5,37.71424455093635,53.64042432446941,977.9222352041771
2025-02-14 02:58:41.646847,2,25.88867126790381,48.28863983527631,986.004710956713
2025-02-14 02:57:41.646847,3,34.15976733152276,46.22427269884964,967.2020605587353
2025-02-14 02:56:41.646847,2,39.31721230202287,31.20332345489549,964.1465201496685
2025-02-14 02:55:41.646847,1,28.259720134576064,89.34373829396463,1018.6918803537748
2025-02-14 02:54:41.646847,5,23.70380283341468,65.6672966263335,981.3193205275566
2025-02-14 02:53:41.646847,2,25.989848391619752,77.29214849468678,999.9621587062944
2025-02-14 02:52:41.646847,1,33.79029949827067,35.790894156857725,1006.7451463199216
2025-02-14 02:51:41.646847,4,31.195206679272403,89.54183635396598,995.0269676224134
2025-02-14 02:50:41.646847,3,34.191157690140216,48.436489871497685,973.6129416751156
2025-02-14 02:49:41.646847,3,25.87674742210424,44.0487012686777,1007.6987535358321
2025-02-14 02:48:41.646847,1,28.153330396859875,42.4032507366133,1048.3567052586563
2025-02-14 02:47:41.646847,5,35.95996996382964,69.7490636012491,966.5003301485264
2025-02-14 02:46:41.646847,4,29.362778673582255,33.870970324916655,1048.8909539427184
2025-02-14 02:45:41.646847,3,32.09337338471469,37.79774428099269,1043.902033431319
2025-02-14 02:44:41.646847,2,25.704127573344564,64.15840762335668,996.2117668571472
2025-02-14 02:43:41.646847,2,34.60756389017948,64.62843960907477,986.6216584008832
2025-02-14 02:42:41.646847,5,29.49812342287538,40.63216436935733,977.499223783017
2025-02-14 02:41:41.646847,1,28.115242890161895,72.77500009625905,1018.8420873431958
2025-02-14 02:40:41.646847,3,32.66398477474198,79.00773770310622,1024.6245830429843
2025-02-14 02:39:41.646847,1,31.25337823920298,58.912725289112004,1036.1777973699216
2025-02-14 02:38:41.646847,3,22.181547820938444,53.37844643791497,967.4976339407817
2025-02-14 02:37:41.646847,5,29.396821871237886,49.38448434672506,1033.074559797176
2025-02-14 02:36:41.646847,3,27.304590583644245,72.49024001695001,1003.311581715759
2025-02-14 02:35:41.646847,1,26.85178248489846,32.119808025489206,1021.6948615637407
2025-02-14 02:34:41.646847,5,29.08812004430547,56.71891081291952,1022.6994867088964
2025-02-14 02:33:41.646847,3,35.16562380642594,84.54063841752154,1036.415290533663
2025-02-14 02:32:41.646847,4,20.740504135878684,89.24476513624897,1023.6067718883071
2025-02-14 02:31:41.646847,1,30.904230609382612,61.144105637020076,1001.7637707322297
2025-02-14 02:30:41.646847,2,34.835526856914164,72.48880380727489,1037.507974634301
2025-02-14 02:29:41.646847,4,32.670848685232855,81.60102718335888,961.938909669955
2025-02-14 02:28:41.646847,5,31.37074308108992,49.43810944313935,1004.9418676192988
2025-02-14 02:27:41.646847,3,24.793454349314516,85.37884234517439,1035.7309135054677
2025-02-14 02:26:41.646847,1,24.149313379789525,65.82855082261112,989.8645556363224
2025-02-14 02:25:41.646847,4,21.269712663551605,63.17092166411643,999.3342098308714
2025-02-14 02:24:41.646847,3,22.17475104052616,67.15159090585183,977.4288536929953
2025-02-14 02:23:41.646847,2,20.0888330729859,71.69776788347778,1043.2751299856318
2025-02-14 02:22:41.646847,2,38.76708262711673,69.60886367167602,1044.5008935089895
2025-02-14 02:21:41.646847,2,36.54170401929537,82.15895922926508,1010.8678967099823
2025-02-14 02:20:41.646847,4,30.29237296296165,80.54647895350702,1001.4640752726567
2025-02-14 02:19:41.646847,3,23.66458282270834,58.87998203694159,952.2705445004121
2025-02-14 02:18:41.646847,4,32.66872352491637,53.269788572537166,974.5221834813258
2025-02-14 02:17:41.646847,1,34.86352792412429,79.7323890623139,1003.8287474587581
2025-02-14 02:16:41.646847,2,37.20389519654181,59.791209613905465,1029.0201417318444
2025-02-14 02:15:41.646847,5,25.81098524209273,53.037770429729825,979.3255346680813
2025-02-14 02:14:41.646847,5,26.808925326638228,30.18372822711497,989.3108139489862
2025-02-14 02:13:41.646847,5,33.16654003460226,49.1997210220391,1028.5737012095651
2025-02-14 02:12:41.646847,1,30.173906169014653,46.066902327300575,973.9245505262919
2025-02-14 02:11:41.646847,2,36.026537869353305,35.629019399603166,990.7696685964371
2025-02-14 02:10:41.646847,1,29.678898813404786,50.80065313320397,966.9943177604612
2025-02-14 02:09:41.646847,5,27.131976195746795,37.48466058083375,980.2727803457284
2025-02-14 02:08:41.646847,4,24.33592762356354,53.84543482371443,962.4667762340794
2025-02-14 02:07:41.646847,5,32.325062587158136,38.22749089759277,1048.0473988421231
2025-02-14 02:06:41.646847,3,29.254181033230047,67.68443632499714,1036.219980221777
2025-02-14 02:05:41.646847,4,38.11324917286315,59.34395499578687,1008.7738223482319
2025-02-14 02:04:41.646847,4,39.2499858141414,77.00944820684069,956.6087354868804
2025-02-14 02:03:41.646847,4,25.746895252929527,80.86652317872006,960.8489881093811
2025-02-14 02:02:41.646847,2,38.74301066702643,68.11892629270858,1005.0813375062045
2025-02-14 02:01:41.646847,2,29.41453400161629,51.183326129729636,1035.9508165963698
2025-02-14 02:00:41.646847,3,27.749278665716506,82.35249152275716,1008.6556969945395
2025-02-14 01:59:41.646847,1,29.698583156161963,76.14108767107237,1031.2310770687222
2025-02-14 01:58:41.646847,2,27.56203157587347,83.78277986256697,951.2599511616291
2025-02-14 01:57:41.646847,1,34.390321575744665,42.975301684411306,1012.8056092627106
2025-02-14 01:56:41.646847,2,25.223244111834298,65.91502891162992,974.0989408446513
2025-02-14 01:55:41.646847,2,27.313558708138842,39.52675641335493,962.4054784458492
2025-02-14 01:54:41.646847,5,34.447140688251636,78.59950312230825,1008.486796036507
2025-02-14 01:53:41.646847,4,34.702984344800214,40.984344963660135,1026.0342722766006
2025-02-14 01:52:41.646847,5,32.13880526774082,33.79292398267113,978.3958639613527
2025-02-14 01:51:41.646847,3,33.04394189386581,46.89291877487493,1048.3169199298518
2025-02-14 01:50:41.646847,2,22.952696555255873,69.85332983178614,973.1353230520174
2025-02-14 01:49:41.646847,2,26.70376690197212,53.789965285194235,1031.0139768252416
2025-02-14 01:48:41.646847,2,31.178065358155543,88.48950562156969,977.513072879638
2025-02-14 01:47:41.646847,2,32.07143025474955,76.14888995053508,969.064654049331
2025-02-14 01:46:41.646847,5,22.651473653953023,46.2109410264929,995.8916786081797
2025-02-14 01:45:41.646847,2,36.903115293470414,44.557423804102314,1002.3923988187163
2025-02-14 01:44:41.646847,1,34.751043619955254,39.26421696731494,956.7775210423143
2025-02-14 01:43:41.646847,1,29.226495663615225,85.35231427904279,960.0346105151098
2025-02-14 01:42:41.646847,5,34.52530485478296,74.7742680715038,998.0314355566538
2025-02-14 01:41:41.646847,4,26.548576241701834,77.21560865122223,950.9831342210454
2025-02-14 01:40:41.646847,4,25.67743235523608,37.1573967961189,1044.1523493568784
2025-02-14 01:39:41.646847,5,23.484042456214535,34.961953077981754,966.4352047138913
2025-02-14 01:38:41.646847,2,25.9109052041785,45.39756194112606,1000.783522222536
2025-02-14 01:37:41.646847,1,25.596740052940703,85.0625999361756,1029.9012144956641
2025-02-14 01:36:41.646847,5,22.542741844936298,38.15849236867517,1040.2063262944325
2025-02-14 01:35:41.646847,3,27.968004596513214,37.72710728634345,1049.9440495552487
2025-02-14 01:34:41.646847,5,28.89007847253422,42.50265981259941,962.2521284158631
2025-02-14 01:33:41.646847,4,32.978593957551624,40.92400712784691,997.0728831830716
2025-02-14 01:32:41.646847,1,35.74007496442192,75.53658115635136,962.9938507350697
2025-02-14 01:31:41.646847,1,33.39922611055835,81.53253556006527,1021.3752734238504
2025-02-14 01:30:41.646847,2,25.04855732181567,79.26200680116725,953.6251402762139
2025-02-14 01:29:41.646847,4,20.4181159134225,45.305287149040865,1009.2840021747517
2025-02-14 01:28:41.646847,2,33.94628007640311,34.65492839991065,958.9577985597558
2025-02-14 01:27:41.646847,1,25.493211852346704,78.46584643584205,992.3973413982791
2025-02-14 01:26:41.646847,3,37.22479729062067,51.7559546278938,1042.3193486561438
2025-02-14 01:25:41.646847,3,23.925956879721543,33.16457079039843,984.5271007086073
2025-02-14 01:24:41.646847,5,37.24395243809508,70.85643442453905,984.5869775716657
2025-02-14 01:23:41.646847,5,33.861837070175255,62.23066842324049,952.8130533571253
2025-02-14 01:22:41.646847,2,33.53171629948785,66.336235245455,1011.5849794498325
2025-02-14 01:21:41.646847,5,28.81493168034575,45.25802308778837,1049.8059805279877
2025-02-14 01:20:41.646847,2,34.629357745633115,84.01944613693479,1005.9130208282334
2025-02-14 01:19:41.646847,1,28.876539701670154,46.36779090542629,992.8730245506116
2025-02-14 01:18:41.646847,3,34.26123371481161,46.24446668696524,998.3912377575651
2025-02-14 01:17:41.646847,4,38.86644744074323,63.15635799104764,971.6976900596287
2025-02-14 01:16:41.646847,1,38.786438675415596,72.00907629884212,1011.0297522163572
2025-02-14 01:15:41.646847,4,34.88959951630061,51.99499483958007,1027.2595758966127
2025-02-14 01:14:41.646847,1,20.444387796769487,89.0372338262175,974.5121880155675
2025-02-14 01:13:41.646847,1,22.550937403904157,86.59063584344776,960.9588811787262
2025-02-14 01:12:41.646847,4,26.26792217388288,70.74378769803081,1007.4770622080243
2025-02-14 01:11:41.646847,2,26.625655766781826,81.3318894112889,1036.8725813864899
2025-02-14 01:10:41.646847,5,21.601803729439965,43.87487798128679,1036.2558808031606
2025-02-14 01:09:41.646847,4,34.9717083488811,42.67566072158055,963.347184791846
2025-02-14 01:08:41.646847,5,26.297325949245316,83.58254028565347,995.8368041956653
2025-02-14 01:07:41.646847,5,27.453230252947343,63.9128886006262,1010.9729049994878
2025-02-14 01:06:41.646847,1,33.75205643639739,60.65680200467942,979.6410952041622
2025-02-14 01:05:41.646847,1,29.52193123746691,35.87826311593551,978.5489129071005
2025-02-14 01:04:41.646847,5,35.54951486988666,34.11527483625669,956.1517528493699
2025-02-14 01:03:41.646847,1,29.68508094521405,73.35301364460346,1049.6290867023508
2025-02-14 01:02:41.646847,3,32.56565615023507,86.62881995525049,971.3356147529552
2025-02-14 01:01:41.646847,4,39.2608584804151,59.11450031121084,988.4961677927013
2025-02-14 01:00:41.646847,5,20.063700722070145,32.23638186796247,971.0864255490429
2025-02-14 00:59:41.646847,3,38.89835210868664,65.61250536616893,981.109311519464
2025-02-14 00:58:41.646847,4,30.33915875030533,75.79769986575266,1030.6721305511114
2025-02-14 00:57:41.646847,5,21.127076842860856,35.276907252224525,1045.926815261446
2025-02-14 00:56:41.646847,4,28.825011689062478,72.9149587517802,958.6057520370197
2025-02-14 00:55:41.646847,4,34.50561798533305,81.07979700211223,979.2131695724686
2025-02-14 00:54:41.646847,4,32.321598592947645,67.28629081482865,991.887818469003
2025-02-14 00:53:41.646847,4,32.61784106468973,39.625597325285895,987.7347306464542
2025-02-14 00:52:41.646847,4,20.02897647100003,56.90925548434909,991.8425321041742
2025-02-14 00:51:41.646847,3,21.929128579369934,83.30795522195686,985.2806358870539
2025-02-14 00:50:41.646847,2,20.39737896077384,66.71021538026628,988.4553271635071
2025-02-14 00:49:41.646847,2,30.7500747192715,68.38842870600692,954.2868451485367
2025-02-14 00:48:41.646847,3,30.594335375541476,48.511326022964944,1011.0122784428099
2025-02-14 00:47:41.646847,5,33.485266742700915,62.14371321146983,950.9407653887639
2025-02-14 00:46:41.646847,2,21.94481609198014,72.32440717555022,1009.5152402208126
2025-02-14 00:45:41.646847,4,39.274827669742905,86.8963232897446,1015.3269387248665
2025-02-14 00:44:41.646847,2,24.21147241560824,67.5821371414408,1004.1343955905977
2025-02-14 00:43:41.646847,4,37.157421947917875,68.8717448453942,1035.5083405136834
2025-02-14 00:42:41.646847,5,20.095862180911148,79.9460813290024,1020.035035960353
2025-02-14 00:41:41.646847,1,39.7796786530626,82.8066430721511,967.5245783293396
2025-02-14 00:40:41.646847,2,37.64516056861014,63.13120074666765,1049.569475462158
2025-02-14 00:39:41.646847,3,26.77584454843734,56.59860956793194,971.7865423926534
2025-02-14 00:38:41.646847,5,30.199251143330432,65.65605481125752,1013.4239236082758
2025-02-14 00:37:41.646847,4,32.796551122227946,57.93737546656938,985.8212423899547
2025-02-14 00:36:41.646847,3,33.35685497550702,85.9903760409641,979.103560016586
2025-02-14 00:35:41.646847,2,34.790971453778994,64.06894173158774,1003.7380090886589
2025-02-14 00:34:41.646847,2,25.234947624720043,42.367008473026246,1046.8575731820217
2025-02-14 00:33:41.646847,3,24.76526996336021,86.6281857424548,971.030259474844
2025-02-14 00:32:41.646847,3,33.57490034717076,39.69529118052158,969.914933415328
2025-02-14 00:31:41.646847,2,27.589683626269768,62.07946297324662,976.2828726334045
2025-02-14 00:30:41.646847,4,33.12403657260117,52.96149449039501,989.6175194976495
2025-02-14 00:29:41.646847,5,36.402870519898954,36.29451252255781,1042.123595119809
2025-02-14 00:28:41.646847,4,30.29814843437266,54.04952612655201,973.9726965279035
2025-02-14 00:27:41.646847,1,23.79094092311422,67.17319442937604,978.1022848368
2025-02-14 00:26:41.646847,1,33.615525156667516,32.56276956669242,1008.3513296832235
2025-02-14 00:25:41.646847,1,29.252390155532808,66.92954789612386,1001.6535018955537
2025-02-14 00:24:41.646847,5,22.209822894250678,68.65402278096911,1004.2090754838323
2025-02-14 00:23:41.646847,1,33.331721651807,33.20016280447823,995.4617892408137
2025-02-14 00:22:41.646847,5,20.75643086181607,76.54766373254424,964.1084543235719
2025-02-14 00:21:41.646847,1,27.422209179747874,78.39583249733064,953.4824276862996
2025-02-14 00:20:41.646847,3,32.418544948295086,78.16586948783797,1013.768637476294
2025-02-14 00:19:41.646847,1,30.301330167168718,47.39687176294062,951.8762696586705
2025-02-14 00:18:41.646847,3,39.42397896241572,54.968950648343096,1017.4289359219002
2025-02-14 00:17:41.646847,1,36.23209563989199,85.94050604449751,955.6820268368181
2025-02-14 00:16:41.646847,2,33.70315759675458,42.07896759379021,954.035142195952
2025-02-14 00:15:41.646847,5,30.0183605398018,35.009935890394665,1026.280612088568
2025-02-14 00:14:41.646847,3,23.017067342360832,45.15367831354786,1027.3472064271386
2025-02-14 00:13:41.646847,1,22.59026456216976,61.30599452265319,1004.3663112133443
2025-02-14 00:12:41.646847,3,26.82115816207343,89.90495315472657,1030.4109404915496
2025-02-14 00:11:41.646847,2,28.004346398700747,40.86803855887567,979.6196481823908
2025-02-14 00:10:41.646847,2,35.19184727031088,51.18708112935617,1047.5580986545824
2025-02-14 00:09:41.646847,4,35.59941998547009,70.45272239117293,978.5331013020876
2025-02-14 00:08:41.646847,5,39.74624483608869,89.18350366536197,962.5921920749744
2025-02-14 00:07:41.646847,2,22.456296371571703,53.52952494596988,1016.1336053292675
2025-02-14 00:06:41.646847,1,23.190619724703428,85.90435721598509,989.9781462111023
2025-02-14 00:05:41.646847,2,29.790303031449884,61.93451890856874,1001.1916698153079
2025-02-14 00:04:41.646847,5,37.498332216351166,41.83221588383123,1003.8818818056322
2025-02-14 00:03:41.646847,5,25.46429906419664,56.31728319688116,965.9951023512974
2025-02-14 00:02:41.646847,1,22.951521746644776,45.66157898993642,1046.5272435452682
2025-02-14 00:01:41.646847,4,25.49760197195259,73.6997890626646,1038.032245472386
2025-02-14 00:00:41.646847,4,33.110531963901266,34.0176779237684,998.5644499120822
2025-02-13 23:59:41.646847,2,37.798018272121226,46.870909750423834,973.922539368829
2025-02-13 23:58:41.646847,3,26.67947947453751,68.40705005372996,1017.3025196131908
2025-02-13 23:57:41.646847,3,30.106620524634952,81.2480333849077,1009.5717483008976
2025-02-13 23:56:41.646847,3,21.285982044616524,76.55355339544363,1015.1873814641738
2025-02-13 23:55:41.646847,4,26.79549656148403,81.2696334413794,979.3121852628947
2025-02-13 23:54:41.646847,2,32.71862042528376,87.12627385584237,973.6148963311313
2025-02-13 23:53:41.646847,3,31.064649663382227,40.16858448820541,980.6491858638605
2025-02-13 23:52:41.646847,2,31.779064163744117,57.9315855596719,957.4192733631776
2025-02-13 23:51:41.646847,1,25.76461020251746,49.82396208457061,1004.469839332688
2025-02-13 23:50:41.646847,4,28.7623285218184,83.41634239036154,990.0919274836771
2025-02-13 23:49:41.646847,3,29.979651112662268,46.35510428320566,984.1727216905552
2025-02-13 23:48:41.646847,3,36.53462856807948,68.90220404562625,1030.3200579197423
2025-02-13 23:47:41.646847,3,31.080194539446374,53.19433862776617,970.3160768553568
2025-02-13 23:46:41.646847,3,21.649234802578924,80.54021594554305,971.6287043763707
2025-02-13 23:45:41.646847,3,37.88288355886169,89.21585913684257,1028.9908002854293
2025-02-13 23:44:41.646847,1,39.390224502037405,42.76515317228021,1010.4580620147366
2025-02-13 23:43:41.646847,2,30.621565196104832,65.57662749561678,1048.3928746859358
2025-02-13 23:42:41.646847,2,20.260619682297207,89.52512191217399,1043.2634978829856
2025-02-13 23:41:41.646847,4,38.154162246581215,50.54994807217725,970.2453292998538
2025-02-13 23:40:41.646847,5,36.144243252431195,61.95140655561808,1017.2520899077325
2025-02-13 23:39:41.646847,2,20.4497157779815,58.05395867840778,1041.93919897558
2025-02-13 23:38:41.646847,2,34.20139211270753,80.85737526007269,1043.5175032008908
2025-02-13 23:37:41.646847,1,37.949048833522255,58.26610084895192,985.3774956196586
2025-02-13 23:36:41.646847,2,21.913800125752477,63.419892572399846,969.7572362092671
2025-02-13 23:35:41.646847,3,38.91681034188127,64.79642753337583,1007.6434819770519
2025-02-13 23:34:41.646847,2,36.740038151796554,64.40136039209352,1012.0926033057405
2025-02-13 23:33:41.646847,1,25.594450579633417,88.19730679371436,969.039185095827
2025-02-13 23:32:41.646847,3,33.42122169757044,39.24250687813549,1020.8892051193237
2025-02-13 23:31:41.646847,2,25.186099316162526,65.38246668985856,954.2720033888621
2025-02-13 23:30:41.646847,4,24.912824201022392,39.04342434014396,976.0316818833404
2025-02-13 23:29:41.646847,1,20.24374212459421,71.56340647694533,984.4888203812567
2025-02-13 23:28:41.646847,2,32.42078914329188,71.34184174008311,993.9624929432985
2025-02-13 23:27:41.646847,5,39.53851675474721,66.83912174701271,992.8461094027999
2025-02-13 23:26:41.646847,5,32.274307148953966,48.906285411280074,993.8427215234467
2025-02-13 23:25:41.646847,3,28.255192864932617,89.24387083831965,1047.648633180745
2025-02-13 23:24:41.646847,1,35.544201496393185,85.30437410119394,997.6158829299592
2025-02-13 23:23:41.646847,2,25.582726819695978,41.226006709109676,978.9572638712898
2025-02-13 23:22:41.646847,2,29.094749223419214,36.818429928865775,1007.4622981394705
2025-02-13 23:21:41.646847,5,26.07028600025593,52.349835948890885,1034.2085165512717
2025-02-13 23:20:41.646847,4,39.132223366284094,89.68040213697253,968.6535145425555
2025-02-13 23:19:41.646847,4,26.432797738174216,80.88917353976078,1024.678798233114
2025-02-13 23:18:41.646847,4,23.91604168919826,57.54763938756429,1008.2200874027749
2025-02-13 23:17:41.646847,2,33.11757409570599,35.41766477953702,1012.8013792546343
2025-02-13 23:16:41.646847,5,22.49444568046513,88.17805482261276,985.3622947265726
2025-02-13 23:15:41.646847,5,23.82142694384717,84.97082324000951,1048.1510574195772
2025-02-13 23:14:41.646847,3,30.662206636544404,33.04651861365671,974.3208023255406
2025-02-13 23:13:41.646847,2,31.167726974070117,62.58005627141658,969.2423363293694
2025-02-13 23:12:41.646847,4,27.555827983577075,66.3974132142254,1010.1605703313717
2025-02-13 23:11:41.646847,5,31.41740969720395,82.07391451927228,973.2491723958334
2025-02-13 23:10:41.646847,2,34.037335134101774,73.30058658738852,951.9046313777493
2025-02-13 23:09:41.646847,2,32.32122564651487,83.60053785471155,1030.900220806741
2025-02-13 23:08:41.646847,4,38.41333418298157,58.24886193962439,1031.449390226111
2025-02-13 23:07:41.646847,4,23.79730810246371,36.77179805930744,1026.075552435462
2025-02-13 23:06:41.646847,3,20.25519263999841,89.3602533435638,969.2916711230121
2025-02-13 23:05:41.646847,3,23.884449239439856,75.34097632696958,971.3280536478377
2025-02-13 23:04:41.646847,1,36.9541378588212,83.07484301047205,1017.0669740096897
2025-02-13 23:03:41.646847,3,24.86324638339017,64.42721771667264,989.0341689479927
2025-02-13 23:02:41.646847,4,38.97567886389518,36.696549032084675,1029.1643770808805
2025-02-13 23:01:41.646847,4,20.19451616342225,48.09693836029058,1004.5415599542428
2025-02-13 23:00:41.646847,1,26.354592461859404,36.64721385015818,1044.5799844500343
2025-02-13 22:59:41.646847,2,32.05445868119703,63.34574792446466,1014.8367637437502
2025-02-13 22:58:41.646847,5,23.3815526011951,56.81326695221826,997.3307396104386
2025-02-13 22:57:41.646847,2,21.465504887017683,87.67697933990532,966.7848442223745
2025-02-13 22:56:41.646847,1,34.07521897864747,53.77687829382975,1040.2348281914333
2025-02-13 22:55:41.646847,2,38.35837588979621,73.44975397276338,988.7711179378193
2025-02-13 22:54:41.646847,1,38.44754464814352,83.819452334238,954.080366889982
2025-02-13 22:53:41.646847,3,28.39483623114326,70.90556555325372,967.4907054177875
2025-02-13 22:52:41.646847,3,31.680556228004715,86.9288843344496,1008.2021818025001
2025-02-13 22:51:41.646847,1,31.735533062593593,69.97343587089338,1042.87768490376
2025-02-13 22:50:41.646847,3,27.357118088712298,34.21954284408468,1030.7465310481998
2025-02-13 22:49:41.646847,5,37.63604724470366,79.59644108335617,1035.477667750109
2025-02-13 22:48:41.646847,3,39.67743067174861,33.14396896561375,968.0012675836674
2025-02-13 22:47:41.646847,5,39.09954886707166,54.46542672776201,981.2838830427363
2025-02-13 22:46:41.646847,3,23.317532410720077,33.408899060039225,956.829585855831
2025-02-13 22:45:41.646847,4,32.55266317936998,30.28979340069973,967.6960886339726
2025-02-13 22:44:41.646847,1,33.5776454384546,89.79794670508537,958.2621948634147
2025-02-13 22:43:41.646847,5,33.20826486683818,42.42501438274511,1006.4752619444696
2025-02-13 22:42:41.646847,2,39.18696253054593,56.485800418711335,1005.0041391490253
2025-02-13 22:41:41.646847,1,34.305972764745135,70.90737813562276,1046.6524323287833
2025-02-13 22:40:41.646847,1,36.80321635787912,70.22806874717435,1003.578307694774
2025-02-13 22:39:41.646847,5,30.74572774171046,70.79460660167071,1039.9430826817525
2025-02-13 22:38:41.646847,1,38.83920563522656,62.31780087609989,1017.7742395055151
2025-02-13 22:37:41.646847,1,29.29687091718135,35.299647059131715,964.008246459509
2025-02-13 22:36:41.646847,1,28.865980700962396,45.38000332524213,982.6968881622014
2025-02-13 22:35:41.646847,1,24.496468568098592,73.8210880175771,982.4594302767051
2025-02-13 22:34:41.646847,2,34.08862562602707,31.17790601430924,973.969170222221
2025-02-13 22:33:41.646847,5,23.36644670379115,34.944390844295924,1019.2695635303205
2025-02-13 22:32:41.646847,4,26.57871941231131,47.38967061451752,993.0839443878301
2025-02-13 22:31:41.646847,3,27.902210625716023,64.36402896888907,971.931039483896
2025-02-13 22:30:41.646847,4,20.10465599717715,72.13320701692126,957.5240815943995
2025-02-13 22:29:41.646847,4,28.234630404948067,55.15635539327768,1018.6997803227486
2025-02-13 22:28:41.646847,4,35.59543839042637,40.66409260229806,1031.4947489182232
2025-02-13 22:27:41.646847,1,24.54090107942234,58.28737169554826,980.4968272380204
2025-02-13 22:26:41.646847,1,20.568578155378965,58.972144405434015,1025.3637413844895
2025-02-13 22:25:41.646847,4,36.19714549705833,73.10617921452771,1040.2644306146233
2025-02-13 22:24:41.646847,1,22.07636819331499,70.14945429610879,996.6562387972326
2025-02-13 22:23:41.646847,1,26.174897139180885,31.84163567518442,957.8872351011001
2025-02-13 22:22:41.646847,1,35.788262498777534,57.454964736011085,1001.6983270702773
2025-02-13 22:21:41.646847,4,35.11061648685457,58.872485739550015,961.5709251520186
2025-02-13 22:20:41.646847,1,31.167414494988357,56.25838202569436,990.2256273531704
2025-02-13 22:19:41.646847,3,26.305247302922005,58.81751225367202,958.7483412444014
2025-02-13 22:18:41.646847,3,29.53495751637006,65.76184760689382,995.2951208234571
2025-02-13 22:17:41.646847,4,37.83397139266021,49.823713341847615,1006.1796125929475
2025-02-13 22:16:41.646847,3,29.428295737624254,32.50375900439681,1018.493312334148
2025-02-13 22:15:41.646847,5,24.964620904050427,74.27092045171571,1035.3844149749361
2025-02-13 22:14:41.646847,5,21.205049707234338,83.31257413945052,955.4354294166303
2025-02-13 22:13:41.646847,3,27.935099927812534,84.20987781584074,993.144534751729
2025-02-13 22:12:41.646847,3,21.386557252457262,33.85996816172107,1014.2907508228323
2025-02-13 22:11:41.646847,5,25.320475288071787,77.99536762725916,1027.1583728931905
2025-02-13 22:10:41.646847,4,25.759780191783094,43.941991908490415,1012.022949966186
2025-02-13 22:09:41.646847,5,26.73149242109058,73.10736666751227,981.4146227542496
2025-02-13 22:08:41.646847,5,25.10746045779099,31.96073055217408,998.7704564605609
2025-02-13 22:07:41.646847,5,34.54454723523511,62.593756532743164,1042.7510370232485
2025-02-13 22:06:41.646847,5,25.779432887880883,30.352120904285517,1031.0795645620371
2025-02-13 22:05:41.646847,4,25.797268394976165,81.39112820362283,982.501249977884
2025-02-13 22:04:41.646847,3,35.238599121385576,45.115104156297804,1043.2831220881867
2025-02-13 22:03:41.646847,1,22.258077818863935,49.547125538540996,1017.2537622461855
2025-02-13 22:02:41.646847,5,28.717662117243655,71.34113922389986,985.2771600459948
2025-02-13 22:01:41.646847,2,20.602751030923116,42.83437564248408,955.9741636442362
2025-02-13 22:00:41.646847,3,24.42319124758843,49.0752251642977,1015.2859158980765
2025-02-13 21:59:41.646847,2,34.605879241405994,44.51406460383039,1041.1666481760813
2025-02-13 21:58:41.646847,1,23.00519613356901,81.63971579746294,1044.7249960410134
2025-02-13 21:57:41.646847,4,25.80060825811029,62.99215728353844,952.1529753211796
2025-02-13 21:56:41.646847,1,32.62183123517733,66.0306041995363,1007.2132380122987
2025-02-13 21:55:41.646847,5,21.258738222345944,48.86923600588053,998.128105888416
2025-02-13 21:54:41.646847,4,22.91728994653846,42.60279385989725,1037.2204416665325
2025-02-13 21:53:41.646847,2,38.151887124814124,77.59279946098174,1010.1609947561363
2025-02-13 21:52:41.646847,3,27.321414392251153,31.691091118123968,1015.9992560502264
2025-02-13 21:51:41.646847,5,28.51039894551321,36.4238207183437,958.7155853855858
2025-02-13 21:50:41.646847,2,25.426847171914275,45.33813737949832,967.3568946281927
2025-02-13 21:49:41.646847,2,30.536913265093453,69.7583525569384,959.1942641089678
2025-02-13 21:48:41.646847,1,31.591299982332917,51.310470073831425,1045.8087877993373
2025-02-13 21:47:41.646847,5,32.460551349545,41.29390225176073,1041.4551065519286
2025-02-13 21:46:41.646847,3,25.432734333483353,77.74284085166596,992.6798736796383
2025-02-13 21:45:41.646847,4,25.91898447246701,52.87078741696027,1022.0398239068538
2025-02-13 21:44:41.646847,1,37.13947715959097,53.948766100529426,1042.186317460301
2025-02-13 21:43:41.646847,4,32.194056772619696,42.10748328358824,999.2334300420048
2025-02-13 21:42:41.646847,5,34.24890591475226,74.61961540118904,965.2813001581051
2025-02-13 21:41:41.646847,4,23.462121367426015,39.06291862150049,1038.9164206540454
2025-02-13 21:40:41.646847,3,24.823428503624477,30.409319390011568,1018.0040189187657
2025-02-13 21:39:41.646847,4,36.04193424137888,53.64527204291416,998.3710836695641
2025-02-13 21:38:41.646847,3,30.434258173890544,59.28647689092701,1023.534052932325
2025-02-13 21:37:41.646847,4,34.546231686234634,72.21543265057605,996.9766213509779
2025-02-13 21:36:41.646847,4,20.146489412176354,66.47696182906668,971.1528943315407
2025-02-13 21:35:41.646847,1,26.558366801795888,82.35342512013915,967.34614579464
2025-02-13 21:34:41.646847,2,22.51711463163009,43.57517679712207,1024.5714454718536
2025-02-13 21:33:41.646847,5,31.398337671488658,55.87720760164669,959.278638123322
2025-02-13 21:32:41.646847,4,31.17353110127996,45.37323387719175,1006.4717281126868
2025-02-13 21:31:41.646847,5,22.512307126594386,83.58115905092285,973.9584236481078
2025-02-13 21:30:41.646847,5,39.98404469641329,65.91473093184376,955.7876486302357
2025-02-13 21:29:41.646847,2,30.208651699849362,57.9731130297793,984.6118444259718
2025-02-13 21:28:41.646847,5,29.248917073466664,79.88392730448453,1019.5316206157065
2025-02-13 21:27:41.646847,2,36.64923238642691,33.79672078857789,968.9061054787702
2025-02-13 21:26:41.646847,2,26.591483139032484,33.836680082118285,989.4775805995002
2025-02-13 21:25:41.646847,5,35.15453315999482,31.90254833073849,1045.518223009211
2025-02-13 21:24:41.646847,1,37.42111208228992,32.05969419787789,985.7361201776
2025-02-13 21:23:41.646847,4,38.66510960817833,46.991465863007335,983.0948228345362
2025-02-13 21:22:41.646847,2,27.793136374751093,85.33546159472593,993.3182714765617
2025-02-13 21:21:41.646847,1,35.81205029663664,56.652103842647875,953.2973450683758
2025-02-13 21:20:41.646847,2,31.31062608685078,83.2577109212946,992.0497037800682
2025-02-13 21:19:41.646847,5,22.61458770006968,38.32830440730087,1004.8103734178185
2025-02-13 21:18:41.646847,2,35.97095948059247,76.04566230335995,1046.9345537779304
2025-02-13 21:17:41.646847,3,21.210129429620103,74.16065321202403,964.5038165915415
2025-02-13 21:16:41.646847,1,20.945271525104104,67.92526964762163,964.6206866673386
2025-02-13 21:15:41.646847,5,30.029333598023378,37.54383686162275,1005.0302226531929
2025-02-13 21:14:41.646847,2,22.58019409061561,37.26754260577906,1029.029533039495
2025-02-13 21:13:41.646847,1,27.102397327565242,89.03862491430787,1011.1598406436264
2025-02-13 21:12:41.646847,3,26.0484794651321,72.34327260532046,1018.1193242031263
2025-02-13 21:11:41.646847,4,25.205711005290006,49.658282614903115,962.0921912446379
2025-02-13 21:10:41.646847,1,32.21178051776093,57.42706310516375,963.4365073624431
2025-02-13 21:09:41.646847,2,34.05665839471957,72.4687423409727,968.7128034284241
2025-02-13 21:08:41.646847,3,34.57744979349584,72.4416048059858,983.2998602145358
2025-02-13 21:07:41.646847,2,37.851190644417485,52.79804315792515,1025.362023660611
2025-02-13 21:06:41.646847,1,24.183951260356338,39.838169761031935,1030.1494289925884
2025-02-13 21:05:41.646847,3,33.90336427178151,66.06604710894857,956.4127291690918
2025-02-13 21:04:41.646847,1,29.402420393985565,87.45752018860938,979.9304863721137
2025-02-13 21:03:41.646847,2,35.63634433998814,48.555246365416764,995.9006268625637
2025-02-13 21:02:41.646847,3,39.460239036690425,74.3789099676737,995.5724256575946
2025-02-13 21:01:41.646847,1,28.215167295394696,47.238847137530556,962.8339400385861
2025-02-13 21:00:41.646847,3,28.29903471694835,73.9884636563465,1009.3799371666416
2025-02-13 20:59:41.646847,4,26.187443536192028,68.31274678828751,996.5002964485908
2025-02-13 20:58:41.646847,3,34.79533652190933,42.35536253031593,970.3652785892406
2025-02-13 20:57:41.646847,4,28.443525064147043,75.89286561433245,977.2553707407632
2025-02-13 20:56:41.646847,3,36.11892554376402,51.51644457891797,954.0765370412619
2025-02-13 20:55:41.646847,4,33.11953687326694,50.35148235839607,1003.3871567481508
2025-02-13 20:54:41.646847,5,25.947576565417094,72.7404340526975,1025.7837860404513
2025-02-13 20:53:41.646847,1,30.731310954737598,74.86908014755369,1027.5645436366635
2025-02-13 20:52:41.646847,1,24.554118817992517,47.85650728309612,996.1456496006201
2025-02-13 20:51:41.646847,5,25.15590088088422,32.375185388118965,1048.5604651821427
2025-02-13 20:50:41.646847,4,23.537774592469724,30.11633549695054,982.8476526786669
2025-02-13 20:49:41.646847,3,35.63718228706293,61.83333822488691,1032.9703397034252
2025-02-13 20:48:41.646847,2,23.63042907324128,31.751547853312843,957.8310021114789
2025-02-13 20:47:41.646847,5,33.77017459324159,30.90259059147478,1018.34632471729
2025-02-13 20:46:41.646847,5,28.574219082325712,54.98261083418181,1011.1700543472151
2025-02-13 20:45:41.646847,1,29.819028449991187,34.20885748748557,978.1247751155215
2025-02-13 20:44:41.646847,1,29.25623517169623,33.185426326074634,1033.198811307302
2025-02-13 20:43:41.646847,3,31.031948874430633,62.45757769129889,965.0171562303348
2025-02-13 20:42:41.646847,2,32.63758318320636,40.49770785571628,997.0084676747954
2025-02-13 20:41:41.646847,5,35.64747086040647,88.55558691569613,971.8275202093743
2025-02-13 20:40:41.646847,1,34.53990694437791,31.129168298776058,1000.1446241530375
2025-02-13 20:39:41.646847,1,38.602949595534525,84.85596442443295,1001.6223145128515
2025-02-13 20:38:41.646847,1,35.320166799000944,74.78855873035258,992.6728878776662
2025-02-13 20:37:41.646847,2,26.765983182323076,32.327756269863585,1013.388328635795
2025-02-13 20:36:41.646847,5,37.6473272563167,69.16240210495943,1011.5021829172968
2025-02-13 20:35:41.646847,1,24.625890916873423,71.50113429284147,997.6316455176424
2025-02-13 20:34:41.646847,5,38.08113871523207,71.54406946028715,992.1594598662006
2025-02-13 20:33:41.646847,4,28.24237858642061,67.45725792346724,1037.1914653477709
2025-02-13 20:32:41.646847,3,27.57356176740428,52.35498931462958,976.9617416110516
2025-02-13 20:31:41.646847,4,36.63512497245454,82.07588609967002,991.1087958984782
2025-02-13 20:30:41.646847,2,38.92478816355763,67.78313462609623,990.476407279471
2025-02-13 20:29:41.646847,4,31.494451226550893,36.347453330707786,1045.8100230752311
2025-02-13 20:28:41.646847,2,28.450300418447647,73.54405117880972,997.50237277806
2025-02-13 20:27:41.646847,5,29.583163455549684,30.373032758158917,1037.1977537924593
2025-02-13 20:26:41.646847,4,29.883791718142916,69.889304236848,982.5596016306877
2025-02-13 20:25:41.646847,1,22.27017777288697,68.13652328297373,1028.1158296924555
2025-02-13 20:24:41.646847,3,36.977353135248954,76.93799701489705,998.2875847236941
2025-02-13 20:23:41.646847,5,32.33173163115055,53.10597852979468,1037.5517777733046
2025-02-13 20:22:41.646847,1,36.11396636325978,70.543369245572,1032.1074210223308
2025-02-13 20:21:41.646847,3,22.708455209164395,47.10483137557243,988.4359775093136
2025-02-13 20:20:41.646847,2,31.299905453731107,71.34580144609515,991.6631197016978
2025-02-13 20:19:41.646847,5,28.809844576923712,58.110240589300034,1025.3673463010514
2025-02-13 20:18:41.646847,2,35.08303651680951,70.1770894119561,996.7176032030204
2025-02-13 20:17:41.646847,3,31.51277665965511,43.59266647122289,1044.6966181936657
2025-02-13 20:16:41.646847,3,29.912250987341864,45.472028360008956,977.9095453719178
2025-02-13 20:15:41.646847,4,24.911339692492255,62.921793522712456,988.0744967407792
2025-02-13 20:14:41.646847,3,27.432721339285997,65.15465235237997,1027.033647591128
2025-02-13 20:13:41.646847,4,27.646303457823677,58.46321812877956,963.9575108698606
2025-02-13 20:12:41.646847,4,33.1031936511566,75.6886791942239,1041.2014466475553
2025-02-13 20:11:41.646847,2,25.127635979582095,30.57619803734996,951.4654755994106
2025-02-13 20:10:41.646847,2,33.283600166810196,79.92346113385095,1042.8754347801537
2025-02-13 20:09:41.646847,4,26.96134079346028,74.02566427626019,975.5141098537832
2025-02-13 20:08:41.646847,5,31.852942235741537,41.41677306953534,1035.5146062250956
2025-02-13 20:07:41.646847,3,39.42974584834318,52.79846721754585,999.0926873478682
2025-02-13 20:06:41.646847,3,31.964498800604808,56.49191805104016,963.5909535644537
2025-02-13 20:05:41.646847,4,28.91037426610011,38.33383036533338,1026.6623810740277
2025-02-13 20:04:41.646847,2,26.6711002140703,83.0584798129965,1014.1268104457293
2025-02-13 20:03:41.646847,3,24.484248935551093,35.712848536020715,991.1920004933925
2025-02-13 20:02:41.646847,4,26.709555456751826,64.39281102736071,974.2068749160578
2025-02-13 20:01:41.646847,2,28.720937669677568,31.400491612082217,1010.1483304534777
2025-02-13 20:00:41.646847,5,32.958020896008215,46.870557767341595,1014.6122307380683
2025-02-13 19:59:41.646847,4,28.492895486629124,66.4634338972031,1021.9177425931197
2025-02-13 19:58:41.646847,3,38.84211786965703,84.84505167017016,1044.4223034163026
2025-02-13 19:57:41.646847,4,31.800547926455558,47.85459636620013,961.1207366844264
2025-02-13 19:56:41.646847,4,21.00430415626634,71.79520498796705,1005.8828199096853
2025-02-13 19:55:41.646847,4,35.06786951240122,64.70388084840474,1033.4265301426617
2025-02-13 19:54:41.646847,4,33.16019319360509,51.927497666450975,1007.1736504948152
2025-02-13 19:53:41.646847,2,20.059823234219355,54.53660245510961,1004.0854383701482
2025-02-13 19:52:41.646847,2,27.233750943547804,42.49448686226874,1015.2742611709443
2025-02-13 19:51:41.646847,2,26.736990672384444,70.21572937268363,998.9412181258801
2025-02-13 19:50:41.646847,3,26.64917269403171,79.80520984059257,987.0881193670206
2025-02-13 19:49:41.646847,3,25.416013623545567,33.53246761235527,997.9706032889967
2025-02-13 19:48:41.646847,5,37.062312497040104,36.26268766029743,974.1798043991938
2025-02-13 19:47:41.646847,1,21.960900580846786,56.86731758824847,1042.5545906147872
2025-02-13 19:46:41.646847,1,32.90326706336117,46.79443037742221,1043.3452136692756
2025-02-13 19:45:41.646847,3,39.84352388321636,85.13454139160473,968.1501423033131
2025-02-13 19:44:41.646847,5,33.59021506211573,38.73017049885505,994.1960811687545
2025-02-13 19:43:41.646847,1,23.233849638195462,42.388006657810024,983.1701033867294
2025-02-13 19:42:41.646847,5,25.556842767210668,62.065477721377704,992.6245839182982
2025-02-13 19:41:41.646847,1,24.65270169820352,73.22265111757073,1014.007999967991
2025-02-13 19:40:41.646847,5,24.865735993945485,52.41345553344794,968.121740943662
2025-02-13 19:39:41.646847,5,39.09336225778645,77.21672994923222,1032.0073651449793
2025-02-13 19:38:41.646847,4,23.1522521023119,39.171240528449886,972.1165119033537
2025-02-13 19:37:41.646847,2,30.137651397048476,84.48638284839865,1047.2498088352345
2025-02-13 19:36:41.646847,4,22.83605794680677,83.6013811962348,1011.2650382431924
2025-02-13 19:35:41.646847,2,33.66154010909453,33.52739146806129,1010.9357330681512
2025-02-13 19:34:41.646847,1,30.619341125577627,31.880596159414594,979.578687120634
2025-02-13 19:33:41.646847,4,33.88122639001733,41.48480015435674,1015.4199083840006
2025-02-13 19:32:41.646847,5,31.602102413106074,43.78983413396426,982.1706684300837
2025-02-13 19:31:41.646847,1,33.88900619770553,71.9776779687763,1038.7342938378479
2025-02-13 19:30:41.646847,2,24.9770295746541,74.8592221234691,980.5407065053147
2025-02-13 19:29:41.646847,4,24.916471388972056,88.53891525679445,973.4245699473258
2025-02-13 19:28:41.646847,1,38.16660834774612,51.87723038302838,960.1153381699759
2025-02-13 19:27:41.646847,3,26.964453299716567,75.36655807426558,1047.041246395844
2025-02-13 19:26:41.646847,2,35.051768997234255,67.70371951179378,982.3058640970778
2025-02-13 19:25:41.646847,5,29.54231756159188,45.938728336540095,1039.7544145635268
2025-02-13 19:24:41.646847,4,34.62395301061256,62.23646249109407,1003.1064494818264
2025-02-13 19:23:41.646847,3,32.51143923234982,87.19382988309387,1029.3886838803135
2025-02-13 19:22:41.646847,3,24.672311283893496,55.956030707418954,1046.2331162323817
2025-02-13 19:21:41.646847,2,37.796165205982334,63.819410314433995,953.7446244782832
2025-02-13 19:20:41.646847,2,36.096119658236965,36.78914563130387,984.6305316690746
2025-02-13 19:19:41.646847,2,37.615546424303886,68.82054682965455,1001.6271462374687
2025-02-13 19:18:41.646847,3,21.32330589413661,33.30770221546007,995.0225619693962
2025-02-13 19:17:41.646847,1,39.37594501269443,45.813146885766926,981.1976635195584
2025-02-13 19:16:41.646847,5,37.5661459836362,75.69713772001172,1019.6278885136173
2025-02-13 19:15:41.646847,1,21.705660465733292,89.8644604706522,977.5923449129847
2025-02-13 19:14:41.646847,2,26.88597829938286,38.40755835081829,976.7576934295711
2025-02-13 19:13:41.646847,2,27.24259912784058,67.82243515149523,952.7993332027321
2025-02-13 19:12:41.646847,3,21.243396968443214,34.58639944269937,1004.740923346357
2025-02-13 19:11:41.646847,2,25.78887984197156,36.40311153200808,959.064866224058
2025-02-13 19:10:41.646847,1,31.820791796965786,58.19842043920859,1010.5844776326464
2025-02-13 19:09:41.646847,3,22.23099763547531,39.67301970752005,990.3252879682335
2025-02-13 19:08:41.646847,4,20.489611620102554,39.06897313169637,1013.4507716804387
2025-02-13 19:07:41.646847,3,36.4050938810865,41.77928741208147,982.5439800792252
2025-02-13 19:06:41.646847,1,29.135479596791072,48.289219921974166,1039.5512762085264
2025-02-13 19:05:41.646847,5,31.188813486214357,56.444552507903396,955.6145233956903
2025-02-13 19:04:41.646847,2,38.72240914831326,34.80650545597078,1010.7630239254286
2025-02-13 19:03:41.646847,4,38.22797060586325,50.89549690965151,1004.6506279897437
2025-02-13 19:02:41.646847,5,33.83163351905451,74.80735647721764,1013.2295288429251
2025-02-13 19:01:41.646847,5,23.1178332794579,42.904767537866945,1015.2549650895741
2025-02-13 19:00:41.646847,2,26.846171857560783,58.83714163234393,1034.3517617372331
2025-02-13 18:59:41.646847,1,35.1510962102636,61.56658795409368,955.3203775714235
2025-02-13 18:58:41.646847,4,27.641815081851437,45.408894313324105,1016.6626166277513
2025-02-13 18:57:41.646847,1,23.065390231529484,42.88756997745772,1032.3378513097352
2025-02-13 18:56:41.646847,1,29.0059723960662,31.350210704872566,1026.8506364800796
2025-02-13 18:55:41.646847,2,25.53794662380421,74.70123777777123,1017.0520134441836
2025-02-13 18:54:41.646847,1,37.34251692135493,64.110568225057,1048.2434298784674
2025-02-13 18:53:41.646847,1,21.457419880373166,46.86770293317235,1040.2773933284168
2025-02-13 18:52:41.646847,3,34.81093823226087,42.817920521580504,1001.7016888737577
2025-02-13 18:51:41.646847,4,29.94154734392381,89.4600412898406,998.1923202964284
2025-02-13 18:50:41.646847,3,22.971941989201866,31.196301028800296,1032.4786689688317
2025-02-13 18:49:41.646847,4,28.616869116454872,79.16866758688278,998.504004944296
2025-02-13 18:48:41.646847,1,36.78988843696612,49.512357236904165,986.2331521554132
2025-02-13 18:47:41.646847,1,32.889147112243755,49.43797715133318,1027.5294709323098
2025-02-13 18:46:41.646847,4,38.57968734026802,60.724329868160765,1026.4821465905416
2025-02-13 18:45:41.646847,2,39.773996508671786,83.93880580146475,988.466517924889
2025-02-13 18:44:41.646847,4,36.36704056901487,72.10666963063628,983.4469480058023
2025-02-13 18:43:41.646847,3,39.20635236046351,37.734433321928634,995.0450069092041
2025-02-13 18:42:41.646847,4,23.232511611654225,76.5191078731065,1006.2554108472606
2025-02-13 18:41:41.646847,3,35.249854910804636,43.211269709585814,1009.9876170906804
2025-02-13 18:40:41.646847,2,28.884826679481,76.74648412236195,951.0724066665532
2025-02-13 18:39:41.646847,2,35.55031176469693,71.46814619817337,1006.5594031606785
2025-02-13 18:38:41.646847,4,36.98069370967231,53.6282400931772,1047.352902130527
2025-02-13 18:37:41.646847,4,30.467716389162923,75.69012105094926,956.7518763783015
2025-02-13 18:36:41.646847,3,24.489311872368205,65.74323617142225,968.2526833497556
2025-02-13 18:35:41.646847,3,39.98296518384373,53.550490777667406,1024.1181304822821
2025-02-13 18:34:41.646847,4,26.226125398527266,76.77654833974958,1012.7304072455565
2025-02-13 18:33:41.646847,2,29.876113428750415,35.72874080997135,1026.9189074344906
2025-02-13 18:32:41.646847,3,37.5404762618317,83.09929837712967,970.0153570988709
2025-02-13 18:31:41.646847,2,28.592653651324156,35.159259824350244,1041.3654995290135
2025-02-13 18:30:41.646847,3,36.15363748162511,52.2218424924908,968.7463939325302
2025-02-13 18:29:41.646847,2,23.822475510974613,68.8581063772697,1048.460598443166
2025-02-13 18:28:41.646847,4,20.80944105100661,80.23323711536398,957.8964987754624
2025-02-13 18:27:41.646847,3,29.419880226987587,72.2137703550524,1015.9597463824679
2025-02-13 18:26:41.646847,5,36.196669066608806,83.75334671256269,1044.7027584635296
2025-02-13 18:25:41.646847,1,26.155781198804448,79.52025861591636,1007.8728588230973
2025-02-13 18:24:41.646847,4,30.568778945547194,54.80677246396387,1036.000890496048
2025-02-13 18:23:41.646847,5,22.570629912458347,55.897012047616776,977.4055105488513
2025-02-13 18:22:41.646847,5,35.822005931002906,87.94764016957875,992.7058517107066
2025-02-13 18:21:41.646847,3,31.59958815417692,49.89860180835971,1022.0495992579908
2025-02-13 18:20:41.646847,3,31.572897172295104,48.69522841150618,1000.83523302853
2025-02-13 18:19:41.646847,1,37.95146368651642,88.35536739183368,973.4890680363216
2025-02-13 18:18:41.646847,1,20.222730950945042,41.444427642985346,964.9492656905452
2025-02-13 18:17:41.646847,2,30.483000159776044,60.71018819939336,954.005493075298
2025-02-13 18:16:41.646847,5,29.46882432875949,42.13189612812777,1028.5211135465195
2025-02-13 18:15:41.646847,3,24.12620593292944,87.25778863605106,996.0220109965627
2025-02-13 18:14:41.646847,5,23.369743035660523,54.503560950826795,952.4852719677239
2025-02-13 18:13:41.646847,3,25.821306325198965,32.29478862952587,1000.8507806556886
2025-02-13 18:12:41.646847,1,36.49214797501291,55.201283684582705,1040.8132191545837
2025-02-13 18:11:41.646847,5,23.4365279971206,79.78579977282388,977.3527969684388
2025-02-13 18:10:41.646847,2,27.5277607984248,55.14174425561687,1000.5287107124036
